converter_id;name;key;use_id;sector_id;energy_balance_group_id;co2_free;preset_demand;demand_expected_value;network_capacity_available_in_mw;network_capacity_used_in_mw;technical_lifetime;decrease_in_nominal_capacity_over_lifetime;construction_time;costs_per_mj;network_expansion_costs_in_euro_per_mw;ccs_investment_per_mw_input;ccs_operation_and_maintenance_cost_per_full_load_hour;typical_nominal_input_capacity;decommissioning_costs_per_mw_input;full_load_hours;residual_value_per_mw_input;operation_and_maintenance_cost_fixed_per_mw_input;wacc;operation_and_maintenance_cost_variable_per_full_load_hour;land_use_per_unit;installing_costs_per_mw_input;purchase_price_per_mw_input;economic_lifetime;part_ets;simult_sd;simult_se;simult_wd;simult_we;peak_load_units_present;availability;variability;;;;;;;;;;;;;;;;;
1;hot water demand HH;hot_water_demand;1;1;7;0;3333532837.51423;;;;;;;;;;;;;;;;;;;;;;;;;;;;;;;;;;;;;;;;;;;;;;
2;cooling demand HH;cooling_demand;1;1;7;0;NULL;;;;;;;;;;;;;;;;;;;;;;;;;;;;;;;;;;;;;;;;;;;;;;
4;heating demand hh;heating_demand;1;1;7;0;NULL;10747233316.4297;;;;;;;;;;;;;;;;;;;;;;;;;;;;;;;;;;;;;;;;;;;;;
6;LED lighting;led_lighting;1;1;11;0;NULL;0;;;;;;;;;;;;;;;;;;;;;;;;;;;;;;;;;;;;;;;;;;;;;
7;efficient lighting;efficient_lighting;1;1;11;0;NULL;5787916.96492338;;;;;;;;;;;;;;;;;;;;;;;;;;;;;;;;;;;;;;;;;;;;;
8;traditional lighting;traditional_lighting;1;1;11;0;NULL;549852111.667721;;;;;;;;;;;;;;;;;;;;;;;;;;;;;;;;;;;;;;;;;;;;;
10;other appliances;other_appliances;1;1;11;0;138477265.70284;138477265.70284;;;;;;;;;;;;;;;;;;;;;;;;;;;;;;;;;;;;;;;;;;;;;
11;solar panel for hot water;solar_panel_for_hot_water;1;1;8;0;NULL;68333333.3333333;;;15;0;0;;;0;0;0.0042;0;791.666666666667;0;10500;0.04;0;0;0;825000;15;0;;;;;;0;0;;;;;;;;;;;;;;;;;
12;heatpump combi;heatpump_boiler;1;1;11;0;NULL;0;;;20;0;0;;;0;0;0.0076;0;1787.04;0;14567.5675675676;0.04;0;0;0;1065789.47368421;20;0;0.353369763508062;0.673623967063799;0.686628288162133;1.68325135088905;0;0;0;;;;;;;;;;;;;;;;;
13;electric boiler;electric_boiler;1;1;11;0;NULL;274577563.043718;;;15;0;0;;;0;0;0.00157894736842105;0;2190;0;1900;0.04;0;0;0;85500;15;0;0.85950853472005;0.810397685972455;0.900165243322982;1.14401938585099;23218.1264200675;0;0;;;;;;;;;;;;;;;;;
14;heatpump with TS;heat_pump_with_chs;1;1;11;0;NULL;0;;;20;0;0;;;0;0;3.108;0;4380;0;30;0.04;0;0;0;1368.75;20;0;0;0;1;1;0;0;0;;;;;;;;;;;;;;;;;
15;airco hh;airco;1;1;11;0;NULL;346193164.257099;;;15;0;0;;;0;0;0.0045;0;560;0;0;0.04;0;0;0;750000;15;0;2.5884483134526;0.737548447243385;0;0;114481.866487136;0;0;;;;;;;;;;;;;;;;;
16;electric heater;electric_heater;1;1;11;0;NULL;211717420.438278;;;15;0;0;;;0;0;0.006;0;1716.96;0;0;0.04;0;0;0;50000;15;0;0;0;2.52710258489892;3.12629656390352;5708.77156584781;0;0;;;;;;;;;;;;;;;;;
17;solar panel for heating;solar_panel_for_heating;1;1;11;0;NULL;0;;;20;0;0;;;0;0;0.013;0;791.666666666667;0;10500;0.04;0;0;0;825000;20;0;;;;;;0;0;;;;;;;;;;;;;;;;;
19;gas heater combi;central_heating;1;1;11;0;NULL;8720328049.25004;;;15;0;0;;;0;0;0.0121836925960637;0;788.4;0;11737;0.04;0;0;0;138710;15;0;;;;;;0;0;;;;;;;;;;;;;;;;;
20;solar PV central production;solar_pv_central_production;1;5;26;0;NULL;;;;25;0.4;0.5;;;0;0;125;0;1000;0;9000;0.1;0;0.230769230769231;0;320000;25;1;1;1;1;1;0;0.98;1;;;;;;;;;;;;;;;;;
21;LV electricity network;lv_electricity_network;1;5;19;0;NULL;;74803.2;23376;40;;;0;457051.6588;;;;;0;;;0.055;;;;;40;;0.7;0.7;0.7;0.7;0;0;0;;;;;;;;;;;;;;;;;
22;city heating network;city_heating_network;1;5;16;0;NULL;778092780.578637;;;30;0;0;;;0;0;0.001;0;8760;0;190000;0.06;0;0;0;7000000;30;0;;;;;;0;0;;;;;;;;;;;;;;;;;
23;Gas conventional;gas_conv;1;5;26;0;NULL;5994694356.77746;;;30;0.02;2.5;;;0;0;2000;0;2856.39475375497;0;682.676861126645;0.1;1584;0.3;0;158400;30;1;1;1;1;1;0.29148507479465;0.89;0;;;;;;;;;;;;;;;;;
24;electricity demand industry ;electricity_demand;1;2;13;0;7148109632.7094;;;;;;;;;;;;;;;;;;;;;;;;;;;;;;;;;;;;;;;;;;;;;;
25;heating demand industry ;heating_demand;1;2;7;0;29873611135.3988;;;;;;;;;;;;;;;;;;;;;;;;;;;;;;;;;;;;;;;;;;;;;;
26;MV distribution network;mv_distribution_network;1;5;19;0;NULL;;42000;30000;40;;;0;53846.1538;;;;;0;;;0.055;;;;;40;;1;1;1;1;0;0;0;;;;;;;;;;;;;;;;;
27;gas CHP industry;small_chp;1;2;25;0;NULL;0;;;25;0;1.5;;;0;0;94.1945405613226;0;5606.4;0;0;0.1;233.470588235294;0.1;0;290394;25;0;0.75;0.75;0.75;0.75;0;0.97;0;;;;;;;;;;;;;;;;;
28;Central Gas CHP;large_chp;1;2;25;0;NULL;10091907408.842;;;30;0.04;2.5;;;0;0;1797.75280898876;0;5242.69085487077;0;2183.49773982981;0.1;1568;0.3;0;174440;30;0;0.75;0.75;0.75;0.75;0.29743120531283;0.97;0;;;;;;;;;;;;;;;;;
29;biomass CHP industry;biomass_chp;1;2;25;0;NULL;526056338.028169;;;25;0;4;;;0;0;162.60162601626;0;6225;0;17916.5957251347;0.1;0;0.1;0;412050;25;0;0.75;0.75;0.75;0.75;0.144366197183099;0.97;0;;;;;;;;;;;;;;;;;
31;trains diesel demand;trains_diesel_demand;1;3;11;0;NULL;;;;;;;;;;;;;;;;;;;;;;;;;;;;;;;;;;;;;;;;;;;;;;
32;truck kms demand;truck_kms_demand;1;3;7;0;1499415543.7525;;;;;;;;;;;;;;;;;;;;;;;;;;;;;;;;;;;;;;;;;;;;;;
33;car kms demand;cars_kms_demand;1;3;7;0;4012005855.36729;;;;;;;;;;;;;;;;;;;;;;;;;;;;;;;;;;;;;;;;;;;;;;
34;electric trucks;electric_trucks;1;3;11;0;NULL;0;0;0.01;0;0;;0;0.01;;;0.01;;0;;;0;;;;;0;;0;0.25;0;0.25;0;0;0;;;;;;;;;;;;;;;;;
35;diesel trucks;diesel_trucks;1;3;11;0;NULL;3661572757.84361;0;0;0;0;;0;0;;;0.01;;0;;;0;;;;;0;;;;;;;0;0;;;;;;;;;;;;;;;;;
36;gasoline trucks;gasoline_trucks;1;3;11;0;NULL;0;0;0;0;0;;0;0;;;0.01;;0;;;0;;;;;0;;;;;;;0;0;;;;;;;;;;;;;;;;;
37;electric cars;electric_cars;1;3;11;0;NULL;0;0;0.01;0;0;;0;0.01;;;0.01;;0;;;0;;;;;0;;0.221747873829401;0.785725823552045;0.286985406492745;0.979347456392032;0;0;0;;;;;;;;;;;;;;;;;
38;diesel cars;diesel_cars;1;3;11;0;NULL;4642071259.86304;0;0;0;0;;0;0;;;0.01;;0;;;0;;;;;0;;;;;;;0;0;;;;;;;;;;;;;;;;;
39;gasoline cars;gasoline_cars;1;3;11;0;NULL;5451391224.70421;0;0;0;0;;0;0;;;0.01;;0;;;0;;;;;0;;;;;;;0;0;;;;;;;;;;;;;;;;;
40;LPG cars;lpg_cars;1;3;11;0;NULL;461606299.704281;0;0;0;0;;0;0;;;0.01;;0;;;0;;;;;0;;;;;;;0;0;;;;;;;;;;;;;;;;;
41;compressed gas trucks;compressed_gas_trucks;1;3;11;0;NULL;0;0;0;0;0;;0;0;;;0.01;;0;;;0;;;;;0;;;;;;;0;0;;;;;;;;;;;;;;;;;
42;compressed gas cars;compressed_gas_cars;1;3;11;0;NULL;943874.126956305;0;0;0;0;;0;0;;;0.01;;0;;;0;;;;;0;;;;;;;0;0;;;;;;;;;;;;;;;;;
43;electricity distribution transport;electricity_distribution_transport;1;3;22;0;NULL;;;;;;;;;;;;;;;;;;;;;;;;;;;;;;;;;;;;;;;;;;;;;;
44;oil demand transport non-energetic;oil_demand;2;5;;1;105713902.219106;;;;;;;;;;;;;;;;;;;;;;;;;;;;;;;;;;;;;;;;;;;;;;
46;ships oil;ships_oil_demand;1;3;11;0;NULL;940233183.893496;;;;;;;;;;;;;;;;;;;;;;;;;;;;;;;;;;;;;;;;;;;;;
47;ships bio-diesel;ships_diesel_demand;1;3;11;0;NULL;0;;;;;;;;;;;;;;;;;;;;;;;;;;;;;;;;;;;;;;;;;;;;;
48;trains electricity;trains_electricity_demand;1;3;11;0;NULL;198145437.64274;;;;;;;;;;;;;;;;;;;;;;;;;;;;;;;;;;;;;;;;;;;;;
49;cooling demand buildings;cooling_demand;1;8;5;0;0;;;;;;;;;;;;;;;;;;;;;;;;;;;;;;;;;;;;;;;;;;;;;;
50;heating demand other buildings;heating_other;1;8;5;0;0;;;;;;;;;;;;;;;;;;;;;;;;;;;;;;;;;;;;;;;;;;;;;;
51;electricity demand other buildings;electricity_other;1;8;;0;NULL;;;;;;;;;;;;;;;;;;;;;;;;;;;;;;;;;;;;;;;;;;;;;;
52;ground source heatpump;heatpump;1;1;11;0;NULL;0;;;15;0;0;;;0;0;0.0076;0;1349.04;0;11000;0.04;0;0;0;1000000;15;0;1.9574835417699;0.484698747768841;2.80578502945801;3.66713847099266;0;0;0;;;;;;;;;;;;;;;;;
55;city cooling network;city_cooling_network;1;8;11;0;NULL;;;;;;;;;;;;;;;;;;;;;;;;;;;;;;;;;;;;;;;;;;;;;;
56;heating demand agriculture ;heating_demand;1;4;7;0;2822897305.7079;;;;;;;;;;;;;;;;;;;;;;;;;;;;;;;;;;;;;;;;;;;;;;
57;gas demand agriculture;gas_demand;1;4;13;0;NULL;2060290095.71418;;;;;;;;;;;;;;;;;;;;;;;;;;;;;;;;;;;;;;;;;;;;;
58;electricity demand agriculture ;electricity_demand;1;4;7;0;398351444.361856;;;;;;;;;;;;;;;;;;;;;;;;;;;;;;;;;;;;;;;;;;;;;;
61;trains coal;trains_coal_demand;1;3;11;0;NULL;;;;;;;;;;;;;;;;;;;;;;;;;;;;;;;;;;;;;;;;;;;;;;
62;electricity demand other;electricity_demand;1;6;13;0;3037429763.25915;;;;;;;;;;;;;;;;;;;;;;;;;;;;;;;;;;;;;;;;;;;;;;
63;heat network;heat_network;1;2;22;0;NULL;;;;;;;;;;;;;;;;;;;;;;;;;;;;;;;;;;;;;;;;;;;;;;
64;Waste incinerator ;waste_incinerator;1;5;26;0;NULL;0;;;20;0.0600000000000001;3;;;0;0;222.222222222222;0;6375;0;0;0.1;65;0.5;0;1125000;20;1;1;1;1;1;0;0.9;0;;;;;;;;;;;;;;;;;
65;HV electricity network;hv_electricity_network;3;5;22;0;NULL;45953470636.2609;0;0;40;;;0;0;;;;;0;;;0.055;;;;;40;;;;;;;0;0;;;;;;;;;;;;;;;;;
66;Coal pwd;coal_pwd;3;5;26;0;NULL;0;;;30;0.02;3.5;;;0;0;1739.13043478261;0;6329.1;0;3532.40959383352;0.1;2350;0.3;0;575000;30;1;1;1;1;1;0;0.88;0;;;;;;;;;;;;;;;;;
67;Coal pwd CCS;coal_pwd_ccs;3;5;26;0.85;NULL;0;;;30;0.0376766091051806;4;;;644642.857142857;2767.25;1764.54293628809;0;5971.71063829788;0;9672.28553554047;0.1;2350;0.4;0;626932.888540031;30;1;1;1;1;1;0;0.85;0;;;;;;;;;;;;;;;;;
68;Coal Conv.;coal_conv;3;5;26;0;NULL;0;;;30;0.0249999999999999;4;;;0;0;2222.22222222222;0;6329.1;0;8736.47058823529;0.1;1580;0.3;0;355500;30;1;1;1;1;1;0;0.89;0;;;;;;;;;;;;;;;;;
69;Coal Lignite;coal_lignite;3;5;26;0;NULL;0;;;30;0.0249999999999999;4;;;0;0;2000;0;6329.1;0;9803.9;0.1;2370;0.3;0;513500;30;1;1;1;1;1;0;0.89;0;;;;;;;;;;;;;;;;;
70;Coal Oxyfuel CCS;coal_oxyfuel_ccs;3;5;26;0.85;NULL;0;;;30;0.0606060606060606;4;;;567854.545454546;1681.664;2163.93442622951;0;5971.71063829788;0;10123.3128073729;0.1;2406.4;0.4;0;554545.454545455;30;1;1;1;1;1;0;0.85;0;;;;;;;;;;;;;;;;;
71;Coal IGCC;coal_igcc;3;5;26;0;NULL;0;;;30;0.04;5;;;0;0;1766.00441501104;0;6329.1;0;9618.66147726078;0.1;3800;0.3;0;747450;30;1;1;1;1;1;0;0.9;0;;;;;;;;;;;;;;;;;
72;Coal IGCC CCS;coal_igcc_ccs;3;5;26;0.85;NULL;0;;;30;0.0378563712366726;5.5;;;691524.98641277;2234.25780838852;1764.07506702413;0;5971.71063829788;0;13750.8854461968;0.1;4391.46431199411;0.4;0;806561.162664305;30;1;1;1;1;1;0;0.87;0;;;;;;;;;;;;;;;;;
73;Oil plant;oil_plant;3;5;26;0;NULL;0;;;30;0.04;2.5;;;0;0;1777.77777777778;0;3504;0;8471.03758269265;0.1;0;0.3;0;220500;30;1;1;1;1;1;0;0.89;0;;;;;;;;;;;;;;;;;
74;Gas CCGT;gas_ccgt;3;5;26;0;NULL;65804244031.8302;;;30;0.04;2.5;;;0;0;1379.31034482759;0;4377.28937728938;0;3536.23396385947;0.1;2400;0.11;0;313508.125;30;1;1;1;1;1;3.0275;0.9;0;;;;;;;;;;;;;;;;;
75;Coal CHP;coal_chp;3;5;25;0;NULL;0;;;30;0.02;3.5;;;0;0;1997.97078303349;0;5990.44071709204;0;2617.33893858679;0.1;2350;0.3;0;500507.819479579;30;0;1;1;1;1;0;0.97;0;;;;;;;;;;;;;;;;;
76;district heat hot water;heatpump_boiler_using_city_heat;1;1;11;0;NULL;155618556.115727;;;15;0;0;;;0;0;0.01;0;2500;0;7000;0.04;0;0;0;605000;15;0;;;;;;0;0;;;;;;;;;;;;;;;;;
77;Bio-oil CHP industry;bio_oil_chp;1;2;25;0;NULL;0;;;15;0;1.5;;;0;0;118.421052631579;0;6375;0;50065;0.1;153;0.1;0;513000;15;0;0.75;0.75;0.75;0.75;0;0.97;0;;;;;;;;;;;;;;;;;
78;interconnection;interconnection;3;5;;0;NULL;;0;0;40;;;0;0;;;;;0;;;0.055;;;;;40;;;;;;;0;0;;;;;;;;;;;;;;;;;
79;Nuclear III;nuclear_iii;3;5;26;0;NULL;0;;;50;0.0606060606060606;5;;;0;0;4583.33333333333;0;7884;0;17651.2570409982;0.12;6288;5;0;1242763.63636364;50;1;1;1;1;1;0;0.85;0;;;;;;;;;;;;;;;;;
80;Wind inland;wind_inland;3;5;26;0;NULL;1225298969.07217;;;20;0;1;;;0;0;3.09278350515464;0;2145;0;49651.875;0.1;0;0.2;0;1387039.375;20;1;0.5;0.5;0.5;0.5;51.3053613053613;0.95;0.7;;;;;;;;;;;;;;;;;
81;Wind coastal;wind_coastal;3;5;26;0;NULL;500474226.804124;;;18;0;1;;;0;0;3.09278350515464;0;2400;0;48888;0.1;0;0.2;0;1387039.375;18;1;0.5;0.5;0.5;0.5;18.7291666666667;0.95;0.7;;;;;;;;;;;;;;;;;
82;Wind offshore;wind_offshore;3;5;26;0;NULL;0;;;15;0;1.5;;;0;0;3.09278350515464;0;3300;0;102432;0.1;0;0.2;0;2425000;15;1;0.5;0.5;0.5;0.5;0;0.92;0.7;;;;;;;;;;;;;;;;;
83;Co-firing coal;co_firing_coal;3;5;26;0;NULL;0;;;30;0.02;3.5;;;0;0;2424.24242424242;0;6329.1;0;3155.625;0.1;2350;0.3;0;584375;30;1;1;1;1;1;0;0.89;0;;;;;;;;;;;;;;;;;
84;Co-firing gas;co_firing_gas;3;5;26;0;NULL;0;;;30;0.04;2.5;;;0;0;1379.31034482759;0;6329.1;0;4775.32853427896;0.1;2400;0.11;0;315121.25;30;1;1;1;1;1;0;0.89;0;;;;;;;;;;;;;;;;;
85;Solar CSP;solar_csp;3;5;26;0;NULL;0;;;30;0;0.5;;;0;0;142.857142857143;0;500;0;2800;0.1;50;2;0;1225000;30;1;1;1;1;1;0;0.99;0.015;;;;;;;;;;;;;;;;;
86;Central geothermal heat;geothermal_heat;3;5;24;0;NULL;0;;;25;0;0;;;0;0;8.5;0;3672.39293209657;0;3333.33333333333;0.1;0;0;0;1000000;25;0;;;;;;0;0;;;;;;;;;;;;;;;;;
87;Hydro river;hydro_river;3;5;26;0;NULL;0;;;45;0;2;;;0;0;10.2040816326531;0;2700;0;31360;0.1;0;0;0;3528000;45;1;1;1;1;1;0;0.98;0.015;;;;;;;;;;;;;;;;;
88;Hydro Mount.;hydro_mount;3;5;26;0;NULL;0;;;50;0;4;;;0;0;510.204081632653;0;3942;0;10615.0578539178;0.1;1246.04483013699;100;0;1211475.69767671;50;1;1;1;1;1;0;0.98;0;;;;;;;;;;;;;;;;;
90;Geothermal electricity;geothermal_electricity;3;5;26;0;NULL;0;;;30;0;4;;;0;0;28;0;8322;0;62186.145;0.1;0;1.5;0;822500;30;1;1;1;1;1;0;0.95;0;;;;;;;;;;;;;;;;;
91;national gas network;national_gas_network;3;5;;0;NULL;119524893442.228;;;;;;;;;;;;;;;;;;;;;;;;;;;;;;;;;;;;;;;;;;;;;
92;gas treatment;gas_treatment;3;5;29;0;NULL;;;;;;;;;;;;;;;;;;;;;;;;;;;;;;;;;;;;;;;;;;;;;;
93;diesel distribution;diesel_distribution;3;3;20;0;NULL;8303644017.70665;;;;;;;;;;;;;;;;;;;;;;;;;;;;;;;;;;;;;;;;;;;;;
94;gasoline distribution;gasoline_distribution;3;3;20;0;NULL;5451391224.70421;;;;;;;;;;;;;;;;;;;;;;;;;;;;;;;;;;;;;;;;;;;;;
95;kerosine distribution;kerosine_distribution;3;3;22;0;NULL;0;;;;;;;;;;;;;;;;;;;;;;;;;;;;;;;;;;;;;;;;;;;;;
96;bio-diesel distribution;bio_diesel_distribution;3;3;22;0;NULL;324693859.504554;;;;;;;;;;;;;;;;;;;;;;;;;;;;;;;;;;;;;;;;;;;;;
97;bio-ethanol distribution;bio_ethanol_distribution;3;3;22;0;NULL;128707475.839643;;;;;;;;;;;;;;;;;;;;;;;;;;;;;;;;;;;;;;;;;;;;;
99;LPG distribution;lpg_distribution;3;3;22;0;NULL;;;;;;;;;;;;;;;;;;;;;;;;;;;;;;;;;;;;;;;;;;;;;;
100;bio-oil production;bio_oil_production;3;5;33;0;0;;;;;;;;;;;;;;;;;;;;;;;;;;;;;;;;;;;;;;;;;;;;;;
101;biomass residuals;biomass_residuals;3;5;33;0;1291839512.07787;;;;;;;;;;;;;;;;;;;;;;;;;;;;;;;;;;;;;;;;;;;;;;
102;gas extraction;gas_extraction;3;5;34;0;191000000000;;;;;;;;;;;;;;;;;;;;;;;;;;;;;;;;;;;;;;;;;;;;;;
103;bio-oil distribution;bio_oil_distribution;3;5;28;0;NULL;;;;;;;;;;;;;;;;;;;;;;;;;;;;;;;;;;;;;;;;;;;;;;
104;oil extraction;oil_extraction;3;5;34;0;6581872288.46375;;;;;;;;;;;;;;;;;;;;;;;;;;;;;;;;;;;;;;;;;;;;;;
105;LNG import;lng_import;3;5;;0;NULL;;;;;;;;;;;;;;;;;;;;;;;;;;;;;;;;;;;;;;;;;;;;;;
106;coal extraction;coal_extraction;3;5;34;0;0;;;;;;;;;;;;;;;;;;;;;;;;;;;;;;;;;;;;;;;;;;;;;;
107;uranium import;uranium_import;3;5;;0;NULL;;;;;;;;;;;;;;;;;;;;;;;;;;;;;;;;;;;;;;;;;;;;;;
108;compressed gas distribution;compressed_gas_distribution;1;3;22;0;NULL;943874.126956305;;;;;;;;;;;;;;;;;;;;;;;;;;;;;;;;;;;;;;;;;;;;;
109;oil distribution;oil_distribution;3;5;28;0;NULL;50925670422.4632;;;;;;;;;;;;;;;;;;;;;;;;;;;;;;;;;;;;;;;;;;;;;
111;biomass distribution;biomass_distribution;3;5;28;0;NULL;;;;;;;;;;;;;;;;;;;;;;;;;;;;;;;;;;;;;;;;;;;;;;
112;greengas distribution;greengas_distribution;3;5;28;0;NULL;;;;;;;;;;;;;;;;;;;;;;;;;;;;;;;;;;;;;;;;;;;;;;
113;coal distribution;coal_distribution;3;5;28;0;NULL;;;;;;;;;;;;;;;;;;;;;;;;;;;;;;;;;;;;;;;;;;;;;;
114;coal demand other energetic;coal_demand;1;6;13;0;NULL;11597965.1891068;;;;;;;;;;;;;;;;;;;;;;;;;;;;;;;;;;;;;;;;;;;;;
115;oil demand other energetic;oil_demand;1;6;13;0;NULL;937073412.860962;;;;;;;;;;;;;;;;;;;;;;;;;;;;;;;;;;;;;;;;;;;;;
116;Oil demand industry energetic;oil_demand;1;2;13;0;NULL;14135451934.7346;;;;;;;;;;;;;;;;;;;;;;;;;;;;;;;;;;;;;;;;;;;;;
117;Gas demand industry energetic;gas_demand;1;2;13;0;NULL;11537184115.4882;;;;;;;;;;;;;;;;;;;;;;;;;;;;;;;;;;;;;;;;;;;;;
119;Coal demand industry non energetic;coal_demand;2;2;13;1;2540659255.96145;2540659255.96145;;;;;;;;;;;;;;;;;;;;;;;;;;;;;;;;;;;;;;;;;;;;;
120;Biomass demand industry;biomass_demand;3;2;13;0;NULL;637822407.354338;;;;;;;;;;;;;;;;;;;;;;;;;;;;;;;;;;;;;;;;;;;;;
123;gas demand other;gas_demand;1;6;13;0;NULL;3098948739.0081;;;;;;;;;;;;;;;;;;;;;;;;;;;;;;;;;;;;;;;;;;;;;
125;trains oil;trains_oil_demand;1;3;11;0;NULL;44504370.7042921;;;;;;;;;;;;;;;;;;;;;;;;;;;;;;;;;;;;;;;;;;;;;
126;LPG production;lpg_production;3;3;23;0;NULL;;;;;;;;;;;;;;;;;;;;;;;;;;;;;;;;;;;;;;;;;;;;;;
127;diesel production;diesel_production;3;3;23;0;NULL;;;;;;;;;;;;;;;;;;;;;;;;;;;;;;;;;;;;;;;;;;;;;;
128;gasoline production;gasoline_production;3;3;23;0;NULL;;;;;;;;;;;;;;;;;;;;;;;;;;;;;;;;;;;;;;;;;;;;;;
129;kerosine production;kerosine_production;3;3;23;0;NULL;;;;;;;;;;;;;;;;;;;;;;;;;;;;;;;;;;;;;;;;;;;;;;
130;bio-diesel production;bio_diesel_production;1;3;;0;0;;;;;;;;;;;;;;;;;;;;;;;;;;;;;;;;;;;;;;;;;;;;;;
131;bio-ethanol production;bio_ethanol_production;1;3;23;0;0;;;;;;;;;;;;;;;;;;;;;;;;;;;;;;;;;;;;;;;;;;;;;;
133;greengas production;greengas_production;3;5;33;0;678201536.296369;;;;;;;;;;;;;;;;;;;;;;;;;;;;;;;;;;;;;;;;;;;;;;
134;oil treatment;oil_treatment;3;5;29;0;NULL;;;;;;;;;;;;;;;;;;;;;;;;;;;;;;;;;;;;;;;;;;;;;;
136;uranium treatment;uranium_treatment;3;5;29;0;NULL;;;;;;;;;;;;;;;;;;;;;;;;;;;;;;;;;;;;;;;;;;;;;;
137;uranium distribution;uranium_distribution;3;5;28;0;NULL;;;;;;;;;;;;;;;;;;;;;;;;;;;;;;;;;;;;;;;;;;;;;;
138;oil import;oil_import_export;3;5;;0;NULL;;;;;;;;;;;;;;;;;;;;;;;;;;;;;;;;;;;;;;;;;;;;;;
139;gas import;gas_import_export;3;5;;0;NULL;;;;;;;;;;;;;;;;;;;;;;;;;;;;;;;;;;;;;;;;;;;;;;
140;biomass import;biomass_import_export;3;5;;0;NULL;;;;;;;;;;;;;;;;;;;;;;;;;;;;;;;;;;;;;;;;;;;;;;
141;planes kerosine demand;planes_kerosine_demand;3;3;11;0;NULL;;;;;;;;;;;;;;;;;;;;;;;;;;;;;;;;;;;;;;;;;;;;;;
142;diesel import;diesel_import_export;3;3;;0;NULL;;;;;;;;;;;;;;;;;;;;;;;;;;;;;;;;;;;;;;;;;;;;;;
143;gasoline import;gasoline_import_export;3;3;;0;NULL;;;;;;;;;;;;;;;;;;;;;;;;;;;;;;;;;;;;;;;;;;;;;;
144;kerosine import;kerosine_import_export;3;3;;0;NULL;;;;;;;;;;;;;;;;;;;;;;;;;;;;;;;;;;;;;;;;;;;;;;
145;bio-diesel import;bio_diesel_import_export;1;3;;0;NULL;;;;;;;;;;;;;;;;;;;;;;;;;;;;;;;;;;;;;;;;;;;;;;
146;bio-ethanol import;bio_ethanol_import_export;1;3;;0;NULL;;;;;;;;;;;;;;;;;;;;;;;;;;;;;;;;;;;;;;;;;;;;;;
148;LPG import;lpg_import_export;3;3;;0;NULL;;;;;;;;;;;;;;;;;;;;;;;;;;;;;;;;;;;;;;;;;;;;;;
149;planes oil demand;planes_oil_demand;1;3;11;0;NULL;;;;;;;;;;;;;;;;;;;;;;;;;;;;;;;;;;;;;;;;;;;;;;
150;coal demand other non energy;coal_demand;2;6;13;1;124794105.434789;;;;;;;;;;;;;;;;;;;;;;;;;;;;;;;;;;;;;;;;;;;;;;
151;oil demand other non energy;oil_demand;2;6;13;1;378325624.468665;;;;;;;;;;;;;;;;;;;;;;;;;;;;;;;;;;;;;;;;;;;;;;
152;Oil demand industry non energy;oil_demand;2;2;13;1;19750383451.1962;;;;;;;;;;;;;;;;;;;;;;;;;;;;;;;;;;;;;;;;;;;;;;
153;Gas demand industry non energy;gas_demand;2;2;13;1;3492715502.67235;;;;;;;;;;;;;;;;;;;;;;;;;;;;;;;;;;;;;;;;;;;;;;
155;Coal demand transport;coal_demand_transport;1;3;11;0;NULL;;;;;;;;;;;;;;;;;;;;;;;;;;;;;;;;;;;;;;;;;;;;;;
156;Biomass demand industry non energy;biomass_demand;2;2;13;1;0;;;;;;;;;;;;;;;;;;;;;;;;;;;;;;;;;;;;;;;;;;;;;;
157;gas hot water combi;cv_hot_water;1;1;11;0;NULL;2269374342.73439;;;15;0;0;;;0;0;0.0181818181818182;0;700.8;0;11737;0.04;0;0;0;138710;15;0;;;;;;0;0;;;;;;;;;;;;;;;;;
159;gas demand other non energy;gas_demand;2;6;13;1;0;;;;;;;;;;;;;;;;;;;;;;;;;;;;;;;;;;;;;;;;;;;;;;
160;Coal demand industry energetic;coal_demand;1;2;13;0;NULL;954182321.40209;;;;;;;;;;;;;;;;;;;;;;;;;;;;;;;;;;;;;;;;;;;;;
161;Electricity demand non energetic industry;electricity_demand;2;2;13;1;1213138218.78795;;;;;;;;;;;;;;;;;;;;;;;;;;;;;;;;;;;;;;;;;;;;;;
162;energetic use agriculture electricity;electricity;1;4;14;0;NULL;398351444.361856;0;0;0;0;;0;0;;;0;;5957;;;0;;;;;0;;;;;;;0;0.08;;;;;;;;;;;;;;;;;
163;energetic use agriculture gas;gas;1;4;14;0;NULL;2060290095.71418;;;;;;;;;;;;;;;;;;;;;;;;;;;;;;;;;;;;;;;;;;;;;
164;energetic use agriculture oil;oil;1;4;14;0;NULL;292310897.184362;;;;;;;;;;;;;;;;;;;;;;;;;;;;;;;;;;;;;;;;;;;;;
165;energetic use agriculture steam / hot water;steam_hot_water;1;4;14;0;NULL;738102367.662005;;;;;;;;;;;;;;;;;;;;;;;;;;;;;;;;;;;;;;;;;;;;;
167;energetic use households biomass;biomass;1;1;14;0;NULL;576649787.978239;;;;;;;;;;;;;;;;;;;;;;;;;;;;;;;;;;;;;;;;;;;;;
168;energetic use households coal;coal;1;1;14;0;NULL;7688663.83970985;;;;;;;;;;;;;;;;;;;;;;;;;;;;;;;;;;;;;;;;;;;;;
169;energetic use households electricity;electricity;1;1;14;0;NULL;3432219538.04648;0;0;0;;;0;0;;;;;5957;;;0;;;;;0;;;;;;;0;0.08;;;;;;;;;;;;;;;;;
170;energetic use households gas;gas;1;1;14;0;NULL;11945877007.7572;;;;;;;;;;;;;;;;;;;;;;;;;;;;;;;;;;;;;;;;;;;;;
172;energetic use households oil;oil;1;1;14;0;NULL;146853479.338458;;;;;;;;;;;;;;;;;;;;;;;;;;;;;;;;;;;;;;;;;;;;;
173;energetic use households steam_hot_water;steam_hot_water;1;1;14;0;NULL;778092780.578637;;;;;;;;;;;;;;;;;;;;;;;;;;;;;;;;;;;;;;;;;;;;;
175;energetic use industry biomass;biomass;1;2;14;0;NULL;637822407.354338;;;;;;;;;;;;;;;;;;;;;;;;;;;;;;;;;;;;;;;;;;;;;
176;energetic use industry coal;coal;1;2;14;0;NULL;954182321.40209;;;;;;;;;;;;;;;;;;;;;;;;;;;;;;;;;;;;;;;;;;;;;
177;energetic use industry electricity;electricity;1;2;14;0;NULL;7148109632.7094;0;0;0;;;0;0;;;;;5957;;;0;;;;;0;;;;;;;0;0.08;;;;;;;;;;;;;;;;;
178;energetic use industry gas;gas;1;2;14;0;NULL;11537184115.4882;;;;;;;;;;;;;;;;;;;;;;;;;;;;;;;;;;;;;;;;;;;;;
180;energetic use industry oil;oil;1;2;14;0;NULL;14135451934.7346;;;;;;;;;;;;;;;;;;;;;;;;;;;;;;;;;;;;;;;;;;;;;
181;energetic use industry steam / hot water;steam_hot_water;1;2;14;0;NULL;6484116542.62458;;;;;;;;;;;;;;;;;;;;;;;;;;;;;;;;;;;;;;;;;;;;;
182;trains oil demand non energy;trains_oil_demand;2;3;;1;0;;;;;;;;;;;;;;;;;;;;;;;;;;;;;;;;;;;;;;;;;;;;;;
184;energetic use other biomass;biomass;1;6;14;0;NULL;463918607.564273;;;;;;;;;;;;;;;;;;;;;;;;;;;;;;;;;;;;;;;;;;;;;
185;energetic use other coal;coal;1;6;14;0;NULL;11597965.1891068;;;;;;;;;;;;;;;;;;;;;;;;;;;;;;;;;;;;;;;;;;;;;
186;energetic use other electricity;electricity;1;6;14;0;NULL;3037429763.25915;0;0;0;;;0;0;;;;;5957;;;0;;;;;0;;;;;;;0;0.08;;;;;;;;;;;;;;;;;
187;energetic use other gas;gas;1;6;14;0;NULL;3098948739.0081;;;;;;;;;;;;;;;;;;;;;;;;;;;;;;;;;;;;;;;;;;;;;
188;energetic use other oil;oil;1;6;14;0;NULL;937073412.860962;;;;;;;;;;;;;;;;;;;;;;;;;;;;;;;;;;;;;;;;;;;;;
189;energetic use other steam / hot water;steam_hot_water;1;6;14;0;NULL;1335613808.1503;;;;;;;;;;;;;;;;;;;;;;;;;;;;;;;;;;;;;;;;;;;;;
190;energetic use buildings gas;gas;1;8;14;0;NULL;0;;;;;;;;;;;;;;;;;;;;;;;;;;;;;;;;;;;;;;;;;;;;;
192;energetic use transport coal;coal;1;3;14;0;NULL;0;;;;;;;;;;;;;;;;;;;;;;;;;;;;;;;;;;;;;;;;;;;;;
193;energetic use transport electricity;electricity;1;3;14;0;NULL;182482331.211552;0;0;0;;;0;0;;;;;5957;;;0;;;;;0;;;;;;;0;0.08;;;;;;;;;;;;;;;;;
194;energetic use transport diesel;diesel;1;3;;0;NULL;;;;;;;;;;;;;;;;;;;;;;;;;;;;;;;;;;;;;;;;;;;;;;
195;energetic use transport kerosine;kerosine;1;3;;0;NULL;;;;;;;;;;;;;;;;;;;;;;;;;;;;;;;;;;;;;;;;;;;;;;
196;energetic use transport oil;oil;1;3;14;0;NULL;15173720464.9496;;;;;;;;;;;;;;;;;;;;;;;;;;;;;;;;;;;;;;;;;;;;;
197;non energetic use agriculture gas;gas;2;4;14;1;0;;;;;;;;;;;;;;;;;;;;;;;;;;;;;;;;;;;;;;;;;;;;;;
200;non energetic use industry biomass;biomass;2;2;14;1;NULL;0;;;;;;;;;;;;;;;;;;;;;;;;;;;;;;;;;;;;;;;;;;;;;
201;non energetic use industry coal;coal;2;2;14;1;NULL;2540659255.96145;;;;;;;;;;;;;;;;;;;;;;;;;;;;;;;;;;;;;;;;;;;;;
202;non energetic use industry electricity;electricity;2;2;14;1;NULL;1213138218.78795;0;0;0;;;0;0;;;;;5957;;;0;;;;;0;;;;;;;0;0.08;;;;;;;;;;;;;;;;;
203;non energetic use industry gas;gas;2;2;14;1;NULL;3492715502.67235;;;;;;;;;;;;;;;;;;;;;;;;;;;;;;;;;;;;;;;;;;;;;
205;non energetic use industry oil;oil;2;2;14;1;NULL;19750383451.1962;;;;;;;;;;;;;;;;;;;;;;;;;;;;;;;;;;;;;;;;;;;;;
206;energetic use buildings electricity;electricity;1;8;14;0;NULL;0;0;0;0;;;0;0;;;;;5957;;;0;;;;;0;;;;;;;0;0.08;;;;;;;;;;;;;;;;;
208;non energetic use other coal;coal;2;6;14;1;NULL;124794105.434789;;;;;;;;;;;;;;;;;;;;;;;;;;;;;;;;;;;;;;;;;;;;;
209;non energetic use other gas;gas;2;6;14;1;NULL;0;;;;;;;;;;;;;;;;;;;;;;;;;;;;;;;;;;;;;;;;;;;;;
210;non energetic use other oil;oil;2;6;14;1;NULL;378325624.468665;;;;;;;;;;;;;;;;;;;;;;;;;;;;;;;;;;;;;;;;;;;;;
211;non energetic use transport oil;oil;2;3;14;1;NULL;105713902.219106;;;;;;;;;;;;;;;;;;;;;;;;;;;;;;;;;;;;;;;;;;;;;
212;heater on biomass hh;heater_on_biomass;1;1;11;0;NULL;576649787.978239;;;15;0;0;;;0;0;0.0123170731707317;0;1016.16;0;13120;0.04;0;0;0;246000;15;0;;;;;;0;0;;;;;;;;;;;;;;;;;
213;heater on coal hh;heater_on_coal;1;1;11;0;NULL;7688663.83970985;;;15;0;0;;;0;0;0.012375;0;1042.44;0;4800;0.04;0;0;0;160000;15;0;;;;;;0;0;;;;;;;;;;;;;;;;;
215;heater on oil hh;heater_on_oil;1;1;11;0;NULL;146853479.338458;;;15;0;0;;;0;0;0.0123529411764706;0;981.12;0;5100;0.04;0;0;0;170000;15;0;;;;;;0;0;;;;;;;;;;;;;;;;;
216;energetic use transport gas;gas_demand;1;3;14;0;NULL;943874.126956305;;;;;;;;;;;;;;;;;;;;;;;;;;;;;;;;;;;;;;;;;;;;;
217;effective lighting demand HH;effective_lighting_demand;1;1;7;0;28939584.8246169;;;;;;;;;;;;;;;;;;;;;;;;;;;;;;;;;;;;;;;;;;;;;;
218;agriculture oil demand energetic;oil_demand;1;4;13;0;NULL;292310897.184362;;;;;;;;;;;;;;;;;;;;;;;;;;;;;;;;;;;;;;;;;;;;;
220;biomass demand other;biomass_demand;1;6;13;0;NULL;463918607.564273;;;;;;;;;;;;;;;;;;;;;;;;;;;;;;;;;;;;;;;;;;;;;
223;grid losses electricity;grid_losses_electricity;3;5;;0;NULL;1273170285.42825;;;;;;;;;;;;;;;;;;;;;;;;;;;;;;;;;;;;;;;;;;;;;
224;grid losses oil;grid_losses_oil;3;5;;0;NULL;5837255.51138778;;;;;;;;;;;;;;;;;;;;;;;;;;;;;;;;;;;;;;;;;;;;;
225;grid losses gas;grid_losses_gas;3;5;;0;NULL;139445548.327597;;;;;;;;;;;;;;;;;;;;;;;;;;;;;;;;;;;;;;;;;;;;;
226;grid losses heat network;grid_losses_heat_network;3;5;;0;NULL;276296760.872355;;;;;;;;;;;;;;;;;;;;;;;;;;;;;;;;;;;;;;;;;;;;;
227;energy sector use electricity;electricity_demand;1;5;;0;0;0;0;0;0;;;0;0;;;;;5957;;;0;;;;;0;;;;;;;0;0.08;;;;;;;;;;;;;;;;;
228;energy sector use oil;oil_demand;1;5;;0;0;0;;;;;;;;;;;;;;;;;;;;;;;;;;;;;;;;;;;;;;;;;;;;;
229;energy sector use gas;gas_demand;1;5;;0;0;0;;;;;;;;;;;;;;;;;;;;;;;;;;;;;;;;;;;;;;;;;;;;;
230;energy sector use heat;heat_demand;1;5;;0;0;0;;;;;;;;;;;;;;;;;;;;;;;;;;;;;;;;;;;;;;;;;;;;;
231;local solar PV;local_solar_pv_grid_connected;1;5;18;0;NULL;32164316.1844975;;;25;0.4;0.5;;;0;0;6.25;0;1000;0;9000;0.06;0;0.00769230769230769;0;320000;25;1;-0.74277035725771;-0.243394863429976;-0.0377208724203593;0;1.42952516375544;0.98;1;;;;;;;;;;;;;;;;;
235;foreign bio-ethanol production;foreign_bioethanol_production;3;9;;0;NULL;;;;;;;;;;;;;;;;;;;;;;;;;;;;;;;;;;;;;;;;;;;;;;
236;foreign bio-diesel production;foreign_bio_diesel_production;3;9;;0;NULL;;;;;;;;;;;;;;;;;;;;;;;;;;;;;;;;;;;;;;;;;;;;;;
239;gasheatpump;gasheatpump;1;1;11;0;NULL;324332.82543045;;;20;0;0;;;0;0;3.108;0;4380;0;132.3;0.04;0;0;0;857.142857142857;20;0;;;;;;0;0;;;;;;;;;;;;;;;;;
240;uranium extraction;uranium_extraction;3;5;;0;NULL;;;;;;;;;;;;;;;;;;;;;;;;;;;;;;;;;;;;;;;;;;;;;;
242;greengas import;greengas_import_export;3;5;;0;NULL;;;;;;;;;;;;;;;;;;;;;;;;;;;;;;;;;;;;;;;;;;;;;;
243;coal import;coal_import_export;3;5;;0;NULL;;;;;;;;;;;;;;;;;;;;;;;;;;;;;;;;;;;;;;;;;;;;;;
245;heat network unused;heat_network_unused;1;5;;0;NULL;;;;;;;;;;;;;;;;;;;;;;;;;;;;;;;;;;;;;;;;;;;;;;
246;bio-oil import;bio_oil_import_export;3;5;;0;NULL;;;;;;;;;;;;;;;;;;;;;;;;;;;;;;;;;;;;;;;;;;;;;;
247;oil storage;oil_storage;3;5;30;0;0;;;;;;;;;;;;;;;;;;;;;;;;;;;;;;;;;;;;;;;;;;;;;;
249;electricity import;electricity_import_export;3;5;;0;NULL;;;;;;;;;;;;;;;;;;;;;;;;;;;;;;;;;;;;;;;;;;;;;;
250;earth;earth;1;7;37;0;NULL;;;;;;;;;;;;;;;;;;;;;;;;;;;;;;;;;;;;;;;;;;;;;;
251;water;water;1;7;37;0;NULL;;;;;;;;;;;;;;;;;;;;;;;;;;;;;;;;;;;;;;;;;;;;;;
254;energetic use transport greengas;greengas;1;3;14;0;NULL;;;;;;;;;;;;;;;;;;;;;;;;;;;;;;;;;;;;;;;;;;;;;;
255;compressed gas production;compressed_gas_production;1;3;23;0;NULL;943874.126956305;;;;;;;;;;;;;;;;;;;;;;;;;;;;;;;;;;;;;;;;;;;;;
256;algue diesel production;algue_diesel_production;1;3;23;0;0;;;;;;;;;;;;;;;;;;;;;;;;;;;;;;;;;;;;;;;;;;;;;;
257;sun;sun;1;7;37;0;NULL;;;;;;;;;;;;;;;;;;;;;;;;;;;;;;;;;;;;;;;;;;;;;;
258;air;air;1;7;37;0;NULL;;;;;;;;;;;;;;;;;;;;;;;;;;;;;;;;;;;;;;;;;;;;;;
260;biogas plant;biogas_plant;3;5;;0;NULL;;;;;;;;;;;;;;;;;;;;;;;;;;;;;;;;;;;;;;;;;;;;;;
261;gas CHP other;chp_other;1;6;25;0;NULL;0;;;15;0.469483568075118;1.5;;;0;0;1.65169253108268;0;4000;0;3667.04948105681;0.1;4.65185164319249;0.1;0;238917.441314554;15;0;0.75;0.75;0.75;0.75;0;0.97;0;;;;;;;;;;;;;;;;;
262;biomass burner agri;biomass_burner_agri;1;4;11;0;NULL;0;;;15;0;0;;;0;0;6.57181571815718;0;2190;0;760.824742268041;0.1;0;0;0;152672.164948454;15;0;;;;;;0;0;;;;;;;;;;;;;;;;;
263;oil burner agri;oil_burner_agri;1;4;11;0;NULL;292310897.184362;;;15;0;0;;;0;0;6.33986928104575;0;2190;0;788.659793814433;0.1;0;0;0;47319.587628866;15;0;;;;;;0;0;;;;;;;;;;;;;;;;;
264;gas burner agri;gas_burner_agri;1;4;11;0;NULL;2060290095.71418;;;15;0;0;;;0;0;5.55555555555556;0;2190;0;900;0.1;0;0;0;54000;15;0;;;;;;0;0;;;;;;;;;;;;;;;;;
265;gas CHP agriculture;chp_agri;1;4;25;0;NULL;0;;;15;0;1.5;;;0;0;2.73972602739726;0;4004.95446265938;0;4767.80293173736;0.1;10.02;0.1;0;310250;15;0;0;0;1;1;0;0.97;0;;;;;;;;;;;;;;;;;
266;heat demand other;heat_demand_other;1;6;7;0;5225938925.01822;;;;;;;;;;;;;;;;;;;;;;;;;;;;;;;;;;;;;;;;;;;;;;
267;coal burner other;coal_burner_other;1;6;11;0;NULL;11597965.1891068;;;15;0;0;;;0;0;125;0;2190;0;800;0.1;0;0;0;160533.333333333;15;0;;;;;;0;0;;;;;;;;;;;;;;;;;
268;oil burner other;oil_burner_other;1;6;11;0;NULL;937073412.860962;;;15;0;0;;;0;0;6.33986928104575;0;2190;0;788.659793814433;0.1;0;0;0;47319.587628866;15;0;;;;;;0;0;;;;;;;;;;;;;;;;;
269;biomass burner other;biomass_burner_other;1;6;11;0;NULL;463918607.564273;;;15;0;0;;;0;0;6.57181571815718;0;2190;0;760.824742268041;0.1;0;0;0;152672.164948454;15;0;;;;;;0;0;;;;;;;;;;;;;;;;;
270;gas burner other;gas_burner_other;1;6;11;0;NULL;3098948739.0081;;;15;0;0;;;0;0;5.55555555555556;0;2190;0;900;0.1;0;0;0;54000;15;0;;;;;;0;0;;;;;;;;;;;;;;;;;
271;biomass hot water;biomass_boiler;1;1;11;0;NULL;0;;;15;0;0;;;0;0;0.0123170731707317;0;1349.04;0;17375.1351351351;0.04;0;0;0;246000;15;0;;;;;;0;0;;;;;;;;;;;;;;;;;
272;lignite extraction;lignite_extraction;1;5;34;0;NULL;;;;;;;;;;;;;;;;;;;;;;;;;;;;;;;;;;;;;;;;;;;;;;
273;coal burner industry;coal_burner_industry;1;2;11;0;NULL;;;;15;0;0;;;0;0;125;0;2190;0;800;0.1;0;0;0;160533.333333333;15;0;;;;;;0;0;;;;;;;;;;;;;;;;;
274;oil burner industry;oil_burner_industry;1;2;11;0;NULL;;;;15;0;0;;;0;0;120.481927710843;0;2190;0;830;0.1;0;0;0;49800;15;0;;;;;;0;0;;;;;;;;;;;;;;;;;
275;biomass burner industry;biomass_burner_industry;1;2;11;0;NULL;;;;15;0;0;;;0;0;125;0;2190;0;800;0.1;0;0;0;160533.333333333;15;0;;;;;;0;0;;;;;;;;;;;;;;;;;
276;gas burner industry;gas_burner_industry;1;2;11;0;NULL;;;;15;0;0;;;0;0;111.111111111111;0;2190;0;900;0.1;0;0;0;54000;15;0;;;;;;0;0;;;;;;;;;;;;;;;;;
279;heatpump with TS agri;heat_pump_with_CHS_agri;1;4;11;0;NULL;;;;15;0;0;;;0;0;5;0;971.765172263585;0;3595.53113737527;0.1;0;0;0;662857.142857143;15;0;0;0;1;1;0;0;0;;;;;;;;;;;;;;;;;
280;geothermal agri;geothermal_agri;1;4;11;0;NULL;;;;25;0;0;;;0;0;8.5;0;3672.39293209657;0;3333.33333333333;0.1;0;0;0;1000000;25;0;;;;;;0;0;;;;;;;;;;;;;;;;;
281;energetic use biomass agriculture;energetic_use_biomass_agriculture;1;4;14;0;NULL;;;;;;;;;;;;;;;;;;;;;;;;;;;;;;;;;;;;;;;;;;;;;;
283;lignite distribution;lignite_distribution;3;5;28;0;NULL;;;;;;;;;;;;;;;;;;;;;;;;;;;;;;;;;;;;;;;;;;;;;;
284;waste distribution;waste_distribution;3;5;28;0;NULL;0;;;;;;;;;;;;;;;;;;;;;;;;;;;;;;;;;;;;;;;;;;;;;
285;heating demand with current insulation old houses;heating_demand_with_current_insulation;1;1;5;0;9695056628.10791;;;;;;;;;;;;;;;;;;;;;;;;;;;;;;;;;;;;;;;;;;;;;;
286;heating savings insulation old houses ;extra_insulation_savings;1;1;6;0;NULL;;0;0;0;;;0.00416801435381953;0;;;;;0;;;0;;;;;0;;;;;;;0;0;;;;;;;;;;;;;;;;;
287;energy sector gas mixer;energy_sector_gas_mixer;3;5;27;0;NULL;87273985218.7255;;;;;;;;;;;;;;;;;;;;;;;;;;;;;;;;;;;;;;;;;;;;;
289;algue diesel distribution;algue_diesel_distribution;1;3;22;0;NULL;;;;;;;;;;;;;;;;;;;;;;;;;;;;;;;;;;;;;;;;;;;;;;
290;algue diesel import;algue_diesel_import_export;1;3;;0;NULL;;;;;;;;;;;;;;;;;;;;;;;;;;;;;;;;;;;;;;;;;;;;;;
291;LPG trucks;lpg_trucks;1;3;11;0;NULL;;0;0;0;0;;0;0;;;0.01;;0;;;0;;;;;0;;;;;;;0;0;;;;;;;;;;;;;;;;;
293;coal hot water;coal_boiler;1;1;11;0;NULL;0;;;;;;;;;;;;;;;;;;;;;;;;;;;;;;;;;;;;;;;;;;;;;
294;oil hot water;oil_boiler;1;1;11;0;NULL;0;;;;;;;;;;;;;;;;;;;;;;;;;;;;;;;;;;;;;;;;;;;;;
295;Other electric transport;other_electric_transport;1;3;11;0;-15663106.4311881;;;;;;;;;;;;;;;;;;;;;;;;;;;;;;;;;;;;;;;;;;;;;;
298;unused CHPs heat industry;unused_CHPs_heat_industry;1;2;;0;NULL;;;;;;;;;;;;;;;;;;;;;;;;;;;;;;;;;;;;;;;;;;;;;;
299;unused CHPs heat other;unused_CHPs_heat_other;1;6;;0;NULL;;;;;;;;;;;;;;;;;;;;;;;;;;;;;;;;;;;;;;;;;;;;;;
300;unused CHPs heat agriculture;unused_CHPs_heat_agriculture;1;4;15;0;NULL;;;;;;;;;;;;;;;;;;;;;;;;;;;;;;;;;;;;;;;;;;;;;;
301;LV-MV transformer ;lv_mv_transformer;3;5;19;0;NULL;;42076.8;25713.6;40;;;0;85000;;;;;0;;;0.055;;;;;40;;0.7;0.7;0.7;0.7;0;0;0;;;;;;;;;;;;;;;;;
302;MV transport network ;mv_transport_network;3;5;20;0;NULL;;30301.7;20619.5;40;;;0;200000;;;;;0;;;0.055;;;;;40;;1;1;1;1;0;0;0;;;;;;;;;;;;;;;;;
303;MV-HV transformer ;mv_hv_transformer;3;5;21;0;NULL;;21340;16490;40;;;0;150000;;;;;0;;;0.055;;;;;40;;1;1;1;1;0;0;0;;;;;;;;;;;;;;;;;
304;foreign gas power;foreign_gas_power;3;5;;0;NULL;;;;;;;;;;;;;;;;;;;;;;;;;;;;;;;;;;;;;;;;;;;;;;
305;foreign nuclear power;foreign_nuclear_power;3;5;;0;NULL;;;;;;;;;;;;;;;;;;;;;;;;;;;;;;;;;;;;;;;;;;;;;;
306;foreign coal power;foreign_coal_power;3;5;;0;NULL;;;;;;;;;;;;;;;;;;;;;;;;;;;;;;;;;;;;;;;;;;;;;;
307;foreign sustainable power;foreign_sustainable_power;3;5;;0;NULL;;;;;;;;;;;;;;;;;;;;;;;;;;;;;;;;;;;;;;;;;;;;;;
308;backup burner heat network;backup_burner_heat_network;3;5;;0;NULL;5381786208.75646;;;15;0;0;;;0;0;111.111111111111;0;2190;0;900;0.1;0;0;0;54000;15;0;;;;;;0;0;;;;;;;;;;;;;;;;;
309;diesel mixer;diesel_mixer;1;3;21;0;0;;;;;;;;;;;;;;;;;;;;;;;;;;;;;;;;;;;;;;;;;;;;;;
310;gasoline mixer;gasoline_mixer;1;3;21;0;0;;;;;;;;;;;;;;;;;;;;;;;;;;;;;;;;;;;;;;;;;;;;;;
311;cokes production;cokes_production;3;5;23;0;NULL;;;;;;;;;;;;;;;;;;;;;;;;;;;;;;;;;;;;;;;;;;;;;;
312;electricity export;electricity_export;3;5;;0;NULL;;;;;;;;;;;;;;;;;;;;;;;;;;;;;;;;;;;;;;;;;;;;;;
313;heating schools current insulation;heating_schools_current_insulation;1;8;5;0;0;;;;;;;;;;;;;;;;;;;;;;;;;;;;;;;;;;;;;;;;;;;;;;
314;heating new houses current insulation;heating_new_houses_current_insulation;1;1;5;0;1052176688.32179;;;;;;;;;;;;;;;;;;;;;;;;;;;;;;;;;;;;;;;;;;;;;;
315;heating offices current insulation;heating_offices_current_insulation;1;8;5;0;0;;;;;;;;;;;;;;;;;;;;;;;;;;;;;;;;;;;;;;;;;;;;;;
316;heatpump addon;heatpump_addon;1;1;11;0;NULL;4320763.68241384;;;15;0;0;;;0;0;0.0041;0;2500;0;75000;0.04;0;0;0;1112000;15;0;0;0;0.57;0.45;468.37546692833;0;0;;;;;;;;;;;;;;;;;
318;collective gas chp hh;collective_gas_chp;1;1;17;0;NULL;0;;;15;0;0;;;0;0;1.41085271317829;0;3942;0;0;0.04;8.05749101978691;0;0;1827.5;15;0;0.75;0.75;0.75;0.75;0;0.97;0;;;;;;;;;;;;;;;;;
319;collective biomass chp hh;collective_biomass_chp;1;1;17;0;NULL;0;;;15;0;0;;;0;0;208.333333333333;0;6097.77777777778;0;0;0.04;537.5;0;0;12;15;0;0.75;0.75;0.75;0.75;0;0.97;0;;;;;;;;;;;;;;;;;
320;collective geothermal hh;collective_geothermal;1;1;16;0;NULL;0;;;25;0;0;;;0;0;3.706;0;3672.39293209657;0;7554.63688888437;0.04;0;0;0;1000000;25;0;;;;;;0;0;;;;;;;;;;;;;;;;;
321;ground source heatpump cooling;heatpump_cooling;1;1;11;0;NULL;0;;;15;0;0;;;0;0;0.0041;0;2500;0;2870;0.04;0;0;0;605000;15;0;1.9574835417699;0.484698747768841;2.80578502945801;3.66713847099266;0;0;0;;;;;;;;;;;;;;;;;
322;gasheatpump cooling;gasheatpump_cooling;1;1;11;0;NULL;0;;;20;0;0;;;0;0;3.403;0;4000;0;44102.88;0.04;0;0;0;857142.857142857;20;0;;;;;;0;0;;;;;;;;;;;;;;;;;
323;heatpump ts cooling;heatpump_ts_cooling;1;1;11;0;NULL;0;;;20;0;0;;;0;0;6.215;0;2190;0;19055.19;0.04;0;0;0;1368750;20;0;1;1;0;0;0;0;0;;;;;;;;;;;;;;;;;
324;cooking demand;cooking_demand;1;1;7;0;256397302.409869;;;;;;;;;;;;;;;;;;;;;;;;;;;;;;;;;;;;;;;;;;;;;;
325;gas stove;gas_stove;1;1;11;0;NULL;358376310.232716;;;;;;;;;;;;;;;;;;;;;;;;;;;;;;;;;;;;;;;;;;;;;
326;electric stove;electric_stove;1;1;11;0;NULL;82215838.775842;;;;;;;;;;;;;;;;;;;;;;;;;;;;;;;;;;;;;;;;;;;;;
327;halogen stove;halogen_stove;1;1;11;0;NULL;37682259.4389276;;;;;;;;;;;;;;;;;;;;;;;;;;;;;;;;;;;;;;;;;;;;;
328;induction stove;induction_stove;1;1;11;0;NULL;53198483.9137801;;;;;;;;;;;;;;;;;;;;;;;;;;;;;;;;;;;;;;;;;;;;;
329;dishwasher;dishwasher;1;1;11;0;216370727.660687;216370727.660687;;;;;;;;;;;;;;;;;;;;;;;;;;;;;;;;;;;;;;;;;;;;;
330;fridge/ freezer;fridge;1;1;11;0;596317725.432854;596317725.432854;;;;;;;;;;;;;;;;;;;;;;;;;;;;;;;;;;;;;;;;;;;;;
332;vacuum cleaner;vacuum_cleaner;1;1;11;0;216370727.660687;216370727.660687;;;;;;;;;;;;;;;;;;;;;;;;;;;;;;;;;;;;;;;;;;;;;
333;washing machine;washing_machine;1;1;11;0;216370727.660687;216370727.660687;;;;;;;;;;;;;;;;;;;;;;;;;;;;;;;;;;;;;;;;;;;;;
334;clothes dryer;clothes_dryer;1;1;11;0;216370727.660687;216370727.660687;;;;;;;;;;;;;;;;;;;;;;;;;;;;;;;;;;;;;;;;;;;;;
335;tv;tv;1;1;11;0;302919018.724962;302919018.724962;;;;;;;;;;;;;;;;;;;;;;;;;;;;;;;;;;;;;;;;;;;;;
337;computer / media;computer;1;1;11;0;225025556.767115;225025556.767115;;;;;;;;;;;;;;;;;;;;;;;;;;;;;;;;;;;;;;;;;;;;;
338;insulation savings;insulation_savings;1;8;6;0;NULL;;0;0;0;;;0;0;;;;;0;;;0;;;;;0;;;;;;;0;0;;;;;;;;;;;;;;;;;
339;heating;heating;1;8;7;0;NULL;0;;;;;;;;;;;;;;;;;;;;;;;;;;;;;;;;;;;;;;;;;;;;;
340;cooling;cooling;1;8;7;0;NULL;0;;;;;;;;;;;;;;;;;;;;;;;;;;;;;;;;;;;;;;;;;;;;;
341;electricity without heating;electricity_without_heating;1;8;;0;NULL;;;;;;;;;;;;;;;;;;;;;;;;;;;;;;;;;;;;;;;;;;;;;;
342;lighting;lighting;1;8;7;0;NULL;0;;;;;;;;;;;;;;;;;;;;;;;;;;;;;;;;;;;;;;;;;;;;;
343;TL5;tl5;1;8;11;0;NULL;0;;;;;;;;;;;;;;;;;;;;;;;;;;;;;;;;;;;;;;;;;;;;;
344;TL8;tl8;1;8;11;0;NULL;0;;;;;;;;;;;;;;;;;;;;;;;;;;;;;;;;;;;;;;;;;;;;;
345;LED;led;1;8;11;0;NULL;0;;;;;;;;;;;;;;;;;;;;;;;;;;;;;;;;;;;;;;;;;;;;;
346;solar pv panels;solar_panels;1;8;18;0;NULL;0;;;25;0.4;0.5;;;0;0;6.25;0;1000;0;9000;0.06;0;0.00769230769230769;0;320000;25;0;1;0.37;0.38;0;0;0.98;1;;;;;;;;;;;;;;;;;
347;local heat network;local_heat_network;1;8;15;0;NULL;0;;;30;0;0;;;0;0;1;0;8760;0;4000;0.1;0;0;0;7000000;30;0;;;;;;0;0;;;;;;;;;;;;;;;;;
348;gas fired heater;gas_fired_heater;1;8;11;0;NULL;;;;15;0;0;;;0;0;0.164948453608247;0;788.4;0;6402;0.06;0;0;0;101365;15;0;;;;;;0;0;;;;;;;;;;;;;;;;;
349;electric heater;electric_heater;1;8;11;0;NULL;0;;;15;0;0;;;0;0;0.081;0;1716.96;0;0;0.06;0;0;0;25000;15;0;0;0;1;1;0;0;0;;;;;;;;;;;;;;;;;
350;gas CHP;gas_chp;1;8;25;0;NULL;0;;;15;0;0;;;0;0;1.41085271317829;0;3942;0;0;0.06;8.05749101978691;0;0;26107.1428571429;15;0;0.75;0.75;0.75;0.75;0;0.97;0;;;;;;;;;;;;;;;;;
351;coal CHP;coal_chp;1;8;25;0;NULL;0;;;15;0;0;;;0;0;69.4444444444445;0;4204.8;0;0;0.06;371.292681232877;0;0;766.386554621849;15;0;0.75;0.75;0.75;0.75;0;0.97;0;;;;;;;;;;;;;;;;;
352;biomass CHP;biomass_chp;1;8;25;0;NULL;0;;;15;0;0;;;0;0;178.571428571429;0;6097.77777777778;0;0;0.06;537.5;0;0;142.545454545455;15;0;0.75;0.75;0.75;0.75;0;0.97;0;;;;;;;;;;;;;;;;;
353;solarthermic;solarthermic;1;8;11;0;NULL;0;;;20;0;0;;;0;0;0.184210526315789;0;791.666666666667;0;9975;0.06;0;0;0;783750;20;0;;;;;;0;0;;;;;;;;;;;;;;;;;
354;gasheatpump ts;gasheatpump_ts;1;8;11;0;NULL;0;;;20;0;0;;;0;0;63.42;0;4380;0;66.15;0.04;0;0;0;428.571428571429;20;0;;;;;;0;0;;;;;;;;;;;;;;;;;
355;biomass fired heater;biomass_fired_heater;1;8;11;0;NULL;0;;;15;0;0;;;0;0;0.167073170731707;0;1016.16;0;9840;0.06;0;0;0;205410;15;0;;;;;;0;0;;;;;;;;;;;;;;;;;
356;heatpump ts heating;heatpump_ts;1;8;11;0;NULL;0;;;20;0;0;;;0;0;2.251;0;4380;0;422.535211267606;0.06;0;0;0;19278.1690140845;20;0;0;0;1;1;0;0;0;;;;;;;;;;;;;;;;;
357;gasheatpump cooling;gasheatpump_cooling;1;8;11;0;NULL;;;;20;0;0;;;0;0;4.503;0;4000;0;44102.25792;0.06;0;0;0;857142.857142857;20;0;;;;;;0;0;;;;;;;;;;;;;;;;;
358;heatpump thermal storage cooling;heatpump_ts_cooling;1;8;11;0;NULL;;;;20;0;0;;;0;0;8.681;0;2190;0;19056.4423098592;0.06;0;0;0;1368750;20;0;1;1;0;0;0;0;0;;;;;;;;;;;;;;;;;
359;building related;building_related;1;8;7;0;0;;;;;;;;;;;;;;;;;;;;;;;;;;;;;;;;;;;;;;;;;;;;;;
360;airco buildings;airco;1;8;11;0;NULL;;;;15;0;0;;;0;0;0.04;0;2240;0;0;0.06;0;0;0;1500000;15;0;1;1;0;0;0;0;0;;;;;;;;;;;;;;;;;
361;appliances;appliances;1;8;7;0;0;;;;;;;;;;;;;;;;;;;;;;;;;;;;;;;;;;;;;;;;;;;;;;
362;biomass;biomass;1;8;14;0;NULL;0;;;;;;;;;;;;;;;;;;;;;;;;;;;;;;;;;;;;;;;;;;;;;
363;coal;coal;1;8;14;0;NULL;0;;;;;;;;;;;;;;;;;;;;;;;;;;;;;;;;;;;;;;;;;;;;;
364;oil;oil;1;8;14;0;NULL;0;;;;;;;;;;;;;;;;;;;;;;;;;;;;;;;;;;;;;;;;;;;;;
366;steam hot water;steam_hot_water;1;8;14;0;NULL;0;;;;;;;;;;;;;;;;;;;;;;;;;;;;;;;;;;;;;;;;;;;;;
367;cooling current insulation old houses;cooling_current_insulation_old;1;1;5;0;232598532.235239;;;;;;;;;;;;;;;;;;;;;;;;;;;;;;;;;;;;;;;;;;;;;;
368;cooling current insulation new houses;cooling_current_insulation_new;1;1;5;0;113594632.021861;;;;;;;;;;;;;;;;;;;;;;;;;;;;;;;;;;;;;;;;;;;;;;
369;cooling savings insulation old houses;cooling_savings_insulation_old;1;1;5;0;NULL;;;;;;;;;;;;;;;;;;;;;;;;;;;;;;;;;;;;;;;;;;;;;;
370;cooling savings insulation new houses;cooling_savings_insulation_new;1;1;6;0;NULL;;;;;;;;;;;;;;;;;;;;;;;;;;;;;;;;;;;;;;;;;;;;;;
371;heating savings insulation new houses;heating_savings_insulation_new;1;1;6;0;NULL;;0;0;0;;;0.00416801435381953;0;;;;;0;;;0;;;;;0;;;;;;;0;0;;;;;;;;;;;;;;;;;
374;cooling savings insulation buildings;cooling_savings_insulation;1;8;6;0;NULL;;;;;;;;;;;;;;;;;;;;;;;;;;;;;;;;;;;;;;;;;;;;;;
375;gas boiler;gas_boiler;1;1;11;0;NULL;597636139.127337;;;15;0;0;;;0;0;0.013986013986014;0;333.333333333333;0;7865;0.04;0;0;0;85800;15;0;;;;;;0;0;;;;;;;;;;;;;;;;;
376;micro CHP hot water;micro_chp_hot_water;1;1;17;0;NULL;0;;;20;0;0;;;0;0;0.00625;0;2592.59259259259;0;0;0.04;0.0471989189189189;0;0;859831.932773109;20;0;-0.544423301978552;-0.609489891659291;-1.63960805284172;-0.804232854798817;0;0.97;0;;;;;;;;;;;;;;;;;
377;oil heater;oil_heater;1;8;11;0;NULL;0;;;15;0;0;;;0;0;0.167058823529412;0;981.12;0;2975;0.06;0;0;0;110500;15;0;;;;;;0;0;;;;;;;;;;;;;;;;;
378;coal heater;coal_heater;1;8;11;0;NULL;0;;;15;0;0;;;0;0;0.16625;0;1042.44;0;4800;0.06;0;0;0;160000;15;0;;;;;;0;0;;;;;;;;;;;;;;;;;
379;heat demand before recirculation;heat_demand_before_recirculation;1;8;5;0;NULL;0;;;;;;;;;;;;;;;;;;;;;;;;;;;;;;;;;;;;;;;;;;;;;
380;heat demand before recovery;heat_demand_before_recovery;1;8;5;0;NULL;0;;;;;;;;;;;;;;;;;;;;;;;;;;;;;;;;;;;;;;;;;;;;;
381;cold demand before recirculation;cold_demand_before_recirculation;1;8;5;0;NULL;0;;;;;;;;;;;;;;;;;;;;;;;;;;;;;;;;;;;;;;;;;;;;;
382;cold demand before recovery;cold_demand_before_recovery;1;8;5;0;NULL;0;;;;;;;;;;;;;;;;;;;;;;;;;;;;;;;;;;;;;;;;;;;;;
383;heat recirculation savings;heat_recirculation_savings;1;8;6;0;NULL;0;;;;;;;;;;;;;;;;;;;;;;;;;;;;;;;;;;;;;;;;;;;;;
384;heat recovery savings;heat_recovery_savings;1;8;6;0;NULL;0;;;;;;;;;;;;;;;;;;;;;;;;;;;;;;;;;;;;;;;;;;;;;
385;cold recirculation savings;cold_recirculation_savings;1;8;6;0;NULL;0;;;;;;;;;;;;;;;;;;;;;;;;;;;;;;;;;;;;;;;;;;;;;
386;cold recovery savings;cold_recovery_savings;1;8;6;0;NULL;0;;;;;;;;;;;;;;;;;;;;;;;;;;;;;;;;;;;;;;;;;;;;;
387;lighting without daylight control;lighting_without_daylight_control;1;8;5;0;NULL;0;;;;;;;;;;;;;;;;;;;;;;;;;;;;;;;;;;;;;;;;;;;;;
388;lighting without motion detection;lighting_without_motion_detection;1;8;5;0;0;;;;;;;;;;;;;;;;;;;;;;;;;;;;;;;;;;;;;;;;;;;;;;
389;daylight control savings;daylight_control_savings;1;8;6;0;NULL;0;0;0;0;;;0.00932887774993038;0;;;;;0;;;0;;;;;0;;;;;;;0;0;;;;;;;;;;;;;;;;;
390;motion detection savings;motion_detection_savings;1;8;6;0;NULL;0;0;0;0;;;0.00556947925368978;0;;;;;0;;;0;;;;;0;;;;;;;0;0;;;;;;;;;;;;;;;;;
391;district heat space heating;heat_from_steam_hot_water;1;1;11;0;NULL;622474224.46291;;;15;0;0;;;0;0;0.01;0;2500;0;7000;0.04;0;0;0;605000;15;0;;;;;;0;0;;;;;;;;;;;;;;;;;
392;nuclear conv;nuclear_conv;1;5;26;0;NULL;;;;50;0.0606060606060606;5;;;0;0;5156.25;0;5256;0;8154.76363636364;0.12;6400;5;0;620606.060606061;50;1;;;;;;0.85;0;;;;;;;;;;;;;;;;;
394;available electricity;available_electricity;3;1;15;0;NULL;;;;;;;;;;;;;;;;;;;;;;;;;;;;;;;;;;;;;;;;;;;;;;
395;hot water from gas;hot_water_from_gas;1;8;13;0;NULL;0;;;;;;;;;;;;;;;;;;;;;;;;;;;;;;;;;;;;;;;;;;;;;
396;hot water from electricity;hot_water_from_electricity;1;8;13;0;NULL;0;;;;;;;;;;;;;;;;;;;;;;;;;;;;;;;;;;;;;;;;;;;;;
397;hot water demand buildings;hot_water_demand;1;8;7;0;0;;;;;;;;;;;;;;;;;;;;;;;;;;;;;;;;;;;;;;;;;;;;;;
398;cooking;cooking;1;8;7;0;0;;;;;;;;;;;;;;;;;;;;;;;;;;;;;;;;;;;;;;;;;;;;;;
399;oil appliances;oil_appliances;3;8;13;0;NULL;0;;;;;;;;;;;;;;;;;;;;;;;;;;;;;;;;;;;;;;;;;;;;;
400;gas appliances;gas_appliances;3;8;13;0;NULL;0;;;;;;;;;;;;;;;;;;;;;;;;;;;;;;;;;;;;;;;;;;;;;
401;biomass appliances;biomass_appliances;3;8;13;0;NULL;0;;;;;;;;;;;;;;;;;;;;;;;;;;;;;;;;;;;;;;;;;;;;;
402;electric appliances;electric_appliances;3;8;13;0;NULL;0;;;;;;;;;;;;;;;;;;;;;;;;;;;;;;;;;;;;;;;;;;;;;
403;building related oil;appliances_oil;3;8;13;0;NULL;0;;;;;;;;;;;;;;;;;;;;;;;;;;;;;;;;;;;;;;;;;;;;;
404;building related gas;appliances_gas;3;8;13;0;NULL;0;;;;;;;;;;;;;;;;;;;;;;;;;;;;;;;;;;;;;;;;;;;;;
405;building related biomass;appliances_biomass;3;8;13;0;NULL;0;;;;;;;;;;;;;;;;;;;;;;;;;;;;;;;;;;;;;;;;;;;;;
406;building related electricity;appliances_electric;3;8;13;0;NULL;0;;;;;;;;;;;;;;;;;;;;;;;;;;;;;;;;;;;;;;;;;;;;;
407;cooking gas;cooking_gas;3;8;13;0;NULL;0;;;;;;;;;;;;;;;;;;;;;;;;;;;;;;;;;;;;;;;;;;;;;
408;cooking electric;cooking_electric;3;8;13;0;NULL;0;;;;;;;;;;;;;;;;;;;;;;;;;;;;;;;;;;;;;;;;;;;;;
409;CCGT CCS;ccgt_ccs;3;5;26;0.85;NULL;;;;30;0.0417484388938434;3;;;873184.371097235;2890.96677966102;1357.14285714286;0;4818;0;15487.1013476896;0.1;703.208135593221;0.2;0;264624.041034791;30;1;1;1;1;1;0;0.85;0;;;;;;;;;;;;;;;;;
410;local e production agri;local_e_production;3;4;18;0;NULL;;;;;;;;;;;;;;;;;;;;;;;;;;;;;;;;;;;;;;;;;;;;;;
411;local w production agri;local_w_production;3;4;18;0;NULL;;;;;;;;;;;;;;;;;;;;;;;;;;;;;;;;;;;;;;;;;;;;;;
412;local e production ind;local_e_production;3;2;18;0;NULL;;;;;;;;;;;;;;;;;;;;;;;;;;;;;;;;;;;;;;;;;;;;;;
413;local w production ind;local_w_production;3;2;18;0;NULL;;;;;;;;;;;;;;;;;;;;;;;;;;;;;;;;;;;;;;;;;;;;;;
414;used restheat decentral production;used_restheat_decentral_production;3;5;;0;NULL;;;;;;;;;;;;;;;;;;;;;;;;;;;;;;;;;;;;;;;;;;;;;;
415;unused restheat decentral production;unused_restheat_decentral_production;1;5;;0;NULL;;;;;;;;;;;;;;;;;;;;;;;;;;;;;;;;;;;;;;;;;;;;;;
416;restheat decentral production;restheat_decentral_production;3;5;;0;NULL;;;;;;;;;;;;;;;;;;;;;;;;;;;;;;;;;;;;;;;;;;;;;;
417;micro CHP production;micro_CHP_production;3;1;17;0;NULL;0;;;15;0;0;;;0;0;0.00625;0;2014.8;0;0;0.04;0.0471989189189189;0;0;779831.932773109;15;0;-0.544423301978552;-0.609489891659291;-1.63960805284172;-0.804232854798817;0;0.97;0;;;;;;;;;;;;;;;;;
419;decentral heat;decentral_heat;3;6;18;0;NULL;;;;;;;;;;;;;;;;;;;;;;;;;;;;;;;;;;;;;;;;;;;;;;
420;local e production other;local_e_production;3;6;18;0;NULL;;;;;;;;;;;;;;;;;;;;;;;;;;;;;;;;;;;;;;;;;;;;;;
421;local e production buildings;local_e_production;3;8;15;0;NULL;;;;;;;;;;;;;;;;;;;;;;;;;;;;;;;;;;;;;;;;;;;;;;
422;steam hot water difference;steam_hot_water_difference;3;5;;0;0;;;;;;;;;;;;;;;;;;;;;;;;;;;;;;;;;;;;;;;;;;;;;;
423;lignite CHP;lignite_chp;3;5;25;0;NULL;;;;30;0.02;3.5;;;0;0;2000;0;4204.8;0;1835.29411764706;0.1;2350;0.3;0;500000;30;0;;;;;;0.97;0;;;;;;;;;;;;;;;;;
424;oil CHP;oil_chp;3;5;25;0;NULL;;;;30;0.04;2.5;;;0;0;2105.26315789474;0;3504;0;7153.32062538491;0.1;0;0.3;0;186200;30;0;;;;;;0.97;0;;;;;;;;;;;;;;;;;
425;pumped storage;pumped_storage;3;5;;0;0;;;;;;;;;;;;;;;;;;;;;;;;;;;;;;;;;;;;;;;;;;;;;;
426;planes;planes;1;3;7;0;348234512.553147;;;;;;;;;;;;;;;;;;;;;;;;;;;;;;;;;;;;;;;;;;;;;;
427;planes bio_ethanol;planes_bio_ethanol;1;3;11;0;NULL;;;;;;;;;;;;;;;;;;;;;;;;;;;;;;;;;;;;;;;;;;;;;;
428;trains;trains;1;3;7;0;191682205.089754;;;;;;;;;;;;;;;;;;;;;;;;;;;;;;;;;;;;;;;;;;;;;;
429;ships;ships;1;3;7;0;940233183.893496;;;;;;;;;;;;;;;;;;;;;;;;;;;;;;;;;;;;;;;;;;;;;;
430;district heater coal;district_heater_coal;1;5;24;0;NULL;;;;15;0;0;;;0;0;125;0;2190;0;800;0.1;0;0;0;160533.333333333;15;0;;;;;;0;0;;;;;;;;;;;;;;;;;
431;district heater lignite;district_heater_lignite;1;5;24;0;NULL;;;;15;0;0;;;0;0;5.55555555555556;0;2190;0;900;0.1;0;0;0;54000;15;0;;;;;;0;0;;;;;;;;;;;;;;;;;
432;district heater oil;district_heater_oil;1;5;24;0;NULL;;;;15;0;0;;;0;0;120.481927710843;0;2190;0;830;0.1;0;0;0;49800;15;0;;;;;;0;0;;;;;;;;;;;;;;;;;
433;district heater gas;district_heater_gas;1;5;24;0;NULL;;;;15;0;0;;;0;0;111.111111111111;0;2190;0;900;0.1;0;0;0;54000;15;0;;;;;;0;0;;;;;;;;;;;;;;;;;
434;district heater waste;district_heater_waste;1;5;24;0;NULL;;;;15;0;0;;;0;0;5.55555555555556;0;2190;0;900;0.1;0;0;0;54000;15;0;;;;;;0;0;;;;;;;;;;;;;;;;;
435;district heater biomass;district_heater_biomass;1;5;24;0;NULL;;;;15;0;0;;;0;0;125;0;2190;0;800;0.1;0;0;0;160533.333333333;15;0;;;;;;0;0;;;;;;;;;;;;;;;;;
436;biomass CHP central;biomass_CHP;1;5;25;0;NULL;;;;15;0;0;;;0;0;223.214285714286;0;6097.77777777778;0;42684.4444444444;0.06;0;0;0;850852.713178295;15;0;;;;;;0.97;0;;;;;;;;;;;;;;;;;
437;biomass CHP other;biomass_CHP;1;6;25;0;NULL;;;;15;0;0;;;0;0;223.214285714286;0;6097.77777777778;0;42684.4444444444;0.06;0;0;0;850852.713178295;15;0;;;;;;0.97;0;;;;;;;;;;;;;;;;;
438;coal CHP industry;coal_CHP;1;2;25;0;NULL;;;;15;0;0;;;0;0;57.8703703703704;0;4204.8;0;22481.4451110912;0.06;0;0;0;656640;15;0;;;;;;0.97;0;;;;;;;;;;;;;;;;;
439;biomass cooking;biomass_cooking;1;1;11;0;NULL;0;;;;;;;;;;;;;;;;;;;;;;;;;;;;;;;;;;;;;;;;;;;;;
440;gas fired heater;gas_fired_heater;1;1;11;0;NULL;0;;;15;0;0;;;0;0;0.0121836925960637;0;788.4;0;11737;0.04;0;0;0;138710;15;0;;;;;;0;0;;;;;;;;;;;;;;;;;
441;fuel cell chp;fuel_cell_chp;1;1;17;0;NULL;0;;;15;0;0;;;0;0;0.0025;0;8000;0;200000;0.06;0;0;400000;12000000;15;0;1;1;1;1;0;0.97;0;;;;;;;;;;;;;;;;;
442;hot water devices;hot_water_devices;1;1;9;0;NULL;3265199504.1809;;;;;;;;;;;;;;;;;;;;;;;;;;;;;;;;;;;;;;;;;;;;;
473;public building gas use;gas_use_public;3;8;;0;0;;;;;;;;;;;;;;;;;;;;;;;;;;;;;;;;;;;;;;;;;;;;;;
474;public building electricity use;electricity_use_public;3;8;;0;0;;;;;;;;;;;;;;;;;;;;;;;;;;;;;;;;;;;;;;;;;;;;;;
475;public building heat use;heat_use_public;3;8;;0;0;;;;;;;;;;;;;;;;;;;;;;;;;;;;;;;;;;;;;;;;;;;;;;
476;foreign production algue diesel;foreign_production_algue_diesel;3;9;;0;0;;;;;;;;;;;;;;;;;;;;;;;;;;;;;;;;;;;;;;;;;;;;;;
477;biogas production;biogas_production;3;5;;0;NULL;;;;;;;;;;;;;;;;;;;;;;;;;;;;;;;;;;;;;;;;;;;;;;
478;biogas distribution;biogas_distribution;3;5;;0;NULL;;;;;;;;;;;;;;;;;;;;;;;;;;;;;;;;;;;;;;;;;;;;;;
479;foreign solar power;foreign_solar_power;3;9;;0;NULL;;;;;;;;;;;;;;;;;;;;;;;;;;;;;;;;;;;;;;;;;;;;;;
480;foreign waste power;foreign_waste_power;3;9;;0;NULL;;;;;;;;;;;;;;;;;;;;;;;;;;;;;;;;;;;;;;;;;;;;;;
481;foreign geothermal power;foreign_geothermal_power;3;9;;0;NULL;;;;;;;;;;;;;;;;;;;;;;;;;;;;;;;;;;;;;;;;;;;;;;
482;foreign oil power;foreign_oil_power;3;9;;0;NULL;;;;;;;;;;;;;;;;;;;;;;;;;;;;;;;;;;;;;;;;;;;;;;
483;foreign hydro power;foreign_hydro_power;3;9;;0;NULL;;;;;;;;;;;;;;;;;;;;;;;;;;;;;;;;;;;;;;;;;;;;;;
484;foreign wind power;foreign_wind_power;3;9;;0;NULL;;;;;;;;;;;;;;;;;;;;;;;;;;;;;;;;;;;;;;;;;;;;;;
485;foreign biomass power;foreign_biomass_power;3;9;;0;NULL;;;;;;;;;;;;;;;;;;;;;;;;;;;;;;;;;;;;;;;;;;;;;;
486;biocoal distribution;biocoal_distribution;3;5;;0;NULL;;;;;;;;;;;;;;;;;;;;;;;;;;;;;;;;;;;;;;;;;;;;;;
487;torrefaction;torrefaction;3;5;;0;NULL;;;;;;;;;;;;;;;;;;;;;;;;;;;;;;;;;;;;;;;;;;;;;;
488;foreign unspecified power;foreign_unspecified_power;3;9;;0;NULL;;;;;;;;;;;;;;;;;;;;;;;;;;;;;;;;;;;;;;;;;;;;;;
489;heat import;heat_import;3;5;;0;0;;;;;;;;;;;;;;;;;;;;;;;;;;;;;;;;;;;;;;;;;;;;;;
490;foreign heat production;foreign_heat_production;3;9;;0;NULL;;;;;;;;;;;;;;;;;;;;;;;;;;;;;;;;;;;;;;;;;;;;;;
491;biocoal import;biocoal_import;3;5;;0;NULL;;;;;;;;;;;;;;;;;;;;;;;;;;;;;;;;;;;;;;;;;;;;;;
492;woodpellet distribution;woodpellet_distribution;3;5;;0;NULL;;;;;;;;;;;;;;;;;;;;;;;;;;;;;;;;;;;;;;;;;;;;;;
493;woodpellet production;woodpellet_production;3;5;;0;NULL;;;;;;;;;;;;;;;;;;;;;;;;;;;;;;;;;;;;;;;;;;;;;;
494;woodpellet import;woodpellet_import;3;5;;0;NULL;;;;;;;;;;;;;;;;;;;;;;;;;;;;;;;;;;;;;;;;;;;;;;
495;wood distribution;wood_distribution;3;5;;0;NULL;;;;;;;;;;;;;;;;;;;;;;;;;;;;;;;;;;;;;;;;;;;;;;
496;wood growth;wood_growth;3;5;;0;NULL;;;;;;;;;;;;;;;;;;;;;;;;;;;;;;;;;;;;;;;;;;;;;;
497;biogas upgrade;biogas_upgrade;3;5;;0;NULL;;;;;;;;;;;;;;;;;;;;;;;;;;;;;;;;;;;;;;;;;;;;;;
498;manure collection;manure_collection;3;5;;0;NULL;;;;;;;;;;;;;;;;;;;;;;;;;;;;;;;;;;;;;;;;;;;;;;
499;available manure;available_manure;3;5;;0;NULL;;;;;;;;;;;;;;;;;;;;;;;;;;;;;;;;;;;;;;;;;;;;;;
500;corn distribution;corn_distribution;3;5;;0;NULL;;;;;;;;;;;;;;;;;;;;;;;;;;;;;;;;;;;;;;;;;;;;;;
501;corn growth;corn_growth;3;5;;0;NULL;;;;;;;;;;;;;;;;;;;;;;;;;;;;;;;;;;;;;;;;;;;;;;
502;LNG export;lng_export;3;5;;0;NULL;;;;;;;;;;;;;;;;;;;;;;;;;;;;;;;;;;;;;;;;;;;;;;
503;uranium export;uranium_export;3;5;;0;NULL;;;;;;;;;;;;;;;;;;;;;;;;;;;;;;;;;;;;;;;;;;;;;;
504;oil export;oil_export;3;5;;0;NULL;;;;;;;;;;;;;;;;;;;;;;;;;;;;;;;;;;;;;;;;;;;;;;
505;gas export;gas_export;3;5;;0;NULL;;;;;;;;;;;;;;;;;;;;;;;;;;;;;;;;;;;;;;;;;;;;;;
506;biomass export;biomass_export;3;5;;0;NULL;;;;;;;;;;;;;;;;;;;;;;;;;;;;;;;;;;;;;;;;;;;;;;
507;diesel export;diesel_export;3;5;;0;NULL;;;;;;;;;;;;;;;;;;;;;;;;;;;;;;;;;;;;;;;;;;;;;;
508;gasoline export;gasoline_export;3;5;;0;NULL;;;;;;;;;;;;;;;;;;;;;;;;;;;;;;;;;;;;;;;;;;;;;;
509;kerosine export;kerosine_export;3;5;;0;NULL;;;;;;;;;;;;;;;;;;;;;;;;;;;;;;;;;;;;;;;;;;;;;;
511;LPG export;lpg_export;3;5;;0;NULL;;;;;;;;;;;;;;;;;;;;;;;;;;;;;;;;;;;;;;;;;;;;;;
512;greengas export;greengas_export;3;5;;0;NULL;;;;;;;;;;;;;;;;;;;;;;;;;;;;;;;;;;;;;;;;;;;;;;
513;coal export;coal_export;3;5;;0;NULL;;;;;;;;;;;;;;;;;;;;;;;;;;;;;;;;;;;;;;;;;;;;;;
514;bio-oil export;bio_oil_export;3;5;;0;NULL;;;;;;;;;;;;;;;;;;;;;;;;;;;;;;;;;;;;;;;;;;;;;;
515;waste export;waste_export;3;5;;0;NULL;;;;;;;;;;;;;;;;;;;;;;;;;;;;;;;;;;;;;;;;;;;;;;
516;bio-diesel export;bio_diesel_export;3;5;;0;NULL;;;;;;;;;;;;;;;;;;;;;;;;;;;;;;;;;;;;;;;;;;;;;;
517;bio-ethanol export;bio_ethanol_export;3;5;;0;NULL;;;;;;;;;;;;;;;;;;;;;;;;;;;;;;;;;;;;;;;;;;;;;;
518;algue diesel export;algue_diesel_export;3;5;;0;NULL;;;;;;;;;;;;;;;;;;;;;;;;;;;;;;;;;;;;;;;;;;;;;;
519;biogenic waste distribution;biogenic_waste_distribution;3;5;;0;NULL;529316459.080783;;;;;;;;;;;;;;;;;;;;;;;;;;;;;;;;;;;;;;;;;;;;;
520;non biogenic waste distribution;non_biogenic_waste_distribution;3;5;;0;NULL;;;;;;;;;;;;;;;;;;;;;;;;;;;;;;;;;;;;;;;;;;;;;;
521;biogenic waste import;biogenic_waste_import;3;5;;0;NULL;;;;;;;;;;;;;;;;;;;;;;;;;;;;;;;;;;;;;;;;;;;;;;
522;non biogenic waste import;non_biogenic_waste_import;3;5;;0;NULL;;;;;;;;;;;;;;;;;;;;;;;;;;;;;;;;;;;;;;;;;;;;;;
523;biogenic waste collection;biogenic_waste_collection;3;5;;0;529316459.080783;;;;;;;;;;;;;;;;;;;;;;;;;;;;;;;;;;;;;;;;;;;;;;
524;non biogenic waste collection;non_biogenic_waste_collection;3;5;;0;863621591.131803;863621591.131803;;;;;;;;;;;;;;;;;;;;;;;;;;;;;;;;;;;;;;;;;;;;;
525;demand dishwasher;demand_dishwasher;1;1;7;0;0;;;;;;;;;;;;;;;;;;;;;;;;;;;;;;;;;;;;;;;;;;;;;;
526;demand fridge / freezer;demand_fridge_freezer;1;1;7;0;0;;;;;;;;;;;;;;;;;;;;;;;;;;;;;;;;;;;;;;;;;;;;;;
527;demand washing machine;demand_washing_machine;1;1;7;0;0;;;;;;;;;;;;;;;;;;;;;;;;;;;;;;;;;;;;;;;;;;;;;;
528;demand clothes dryer;demand_clothes_dryer;1;1;7;0;0;;;;;;;;;;;;;;;;;;;;;;;;;;;;;;;;;;;;;;;;;;;;;;
529;demand tv;demand_tv;1;1;7;0;0;;;;;;;;;;;;;;;;;;;;;;;;;;;;;;;;;;;;;;;;;;;;;;
530;demand computer / media;demand_computer_media;1;1;7;0;0;;;;;;;;;;;;;;;;;;;;;;;;;;;;;;;;;;;;;;;;;;;;;;
531;demand vacuum cleaner;demand_vacuum_cleaner;1;1;7;0;0;;;;;;;;;;;;;;;;;;;;;;;;;;;;;;;;;;;;;;;;;;;;;;
532;demand other appliances;demand_other_appliances;1;1;7;0;0;;;;;;;;;;;;;;;;;;;;;;;;;;;;;;;;;;;;;;;;;;;;;;
533;solar_thermal_for_heating;solar_thermal_for_heating;1;1;13;0;NULL;0;;;;;;;;;;;;;;;;;;;;;;;;;;;;;;;;;;;;;;;;;;;;;
534;solar_thermal_for_hot_water;solar_thermal_for_hot_water;1;1;13;0;NULL;68333333.3333333;;;;;;;;;;;;;;;;;;;;;;;;;;;;;;;;;;;;;;;;;;;;;
535;solar_thermal;solar_thermal;1;1;14;0;NULL;68333333.3333333;;;;;;;;;;;;;;;;;;;;;;;;;;;;;;;;;;;;;;;;;;;;;
536;solar_thermal_production;solar_thermal_production;1;5;33;0;NULL;;;;;;;;;;;;;;;;;;;;;;;;;;;;;;;;;;;;;;;;;;;;;;
537;coal_for_heating;coal_for_heating;1;1;13;0;NULL;7688663.83970985;;;;;;;;;;;;;;;;;;;;;;;;;;;;;;;;;;;;;;;;;;;;;
538;coal_for_hot_water;coal_for_hot_water;1;1;13;0;NULL;0;;;;;;;;;;;;;;;;;;;;;;;;;;;;;;;;;;;;;;;;;;;;;
539;oil_for_heating;oil_for_heating;1;1;13;0;NULL;146853479.338458;;;;;;;;;;;;;;;;;;;;;;;;;;;;;;;;;;;;;;;;;;;;;
540;oil_for_hot_water;oil_for_hot_water;1;1;13;0;NULL;0;;;;;;;;;;;;;;;;;;;;;;;;;;;;;;;;;;;;;;;;;;;;;
541;gas_for_heating;gas_for_heating;1;1;13;0;NULL;8720490215.66276;;;;;;;;;;;;;;;;;;;;;;;;;;;;;;;;;;;;;;;;;;;;;
542;gas_for_cooling;gas_for_cooling;1;1;13;0;NULL;0;;;;;;;;;;;;;;;;;;;;;;;;;;;;;;;;;;;;;;;;;;;;;
543;gas_for_hot_water;gas_for_hot_water;1;1;13;0;NULL;2867010481.86173;;;;;;;;;;;;;;;;;;;;;;;;;;;;;;;;;;;;;;;;;;;;;
544;gas_for_cooking;gas_for_cooking;1;1;13;0;NULL;358376310.232716;;;;;;;;;;;;;;;;;;;;;;;;;;;;;;;;;;;;;;;;;;;;;
545;biomass_for_heating;biomass_for_heating;1;1;13;0;NULL;576649787.978239;;;;;;;;;;;;;;;;;;;;;;;;;;;;;;;;;;;;;;;;;;;;;
546;biomass_for_hot_water;biomass_for_hot_water;1;1;13;0;NULL;0;;;;;;;;;;;;;;;;;;;;;;;;;;;;;;;;;;;;;;;;;;;;;
547;biomass_for_cooking;biomass_for_cooking;1;1;13;0;NULL;0;;;;;;;;;;;;;;;;;;;;;;;;;;;;;;;;;;;;;;;;;;;;;
548;electricity_for_heating;electricity_for_heating;1;1;13;0;NULL;212797611.358882;;;;;;;;;;;;;;;;;;;;;;;;;;;;;;;;;;;;;;;;;;;;;
549;electricity_for_cooling;electricity_for_cooling;1;1;13;0;NULL;86548291.0642749;;;;;;;;;;;;;;;;;;;;;;;;;;;;;;;;;;;;;;;;;;;;;
550;electricity_for_hot_water;electricity_for_hot_water;1;1;13;0;NULL;274577563.043718;;;;;;;;;;;;;;;;;;;;;;;;;;;;;;;;;;;;;;;;;;;;;
551;electricity_for_cooking;electricity_for_cooking;1;1;13;0;NULL;173096582.12855;;;;;;;;;;;;;;;;;;;;;;;;;;;;;;;;;;;;;;;;;;;;;
552;electricity_for_lighting;electricity_for_lighting;1;1;13;0;NULL;555640028.632645;;;;;;;;;;;;;;;;;;;;;;;;;;;;;;;;;;;;;;;;;;;;;
553;electricity_for_appliances;electricity_for_appliances;1;1;13;0;NULL;2128222477.27052;;;;;;;;;;;;;;;;;;;;;;;;;;;;;;;;;;;;;;;;;;;;;
554;monitized_heat_for_heating;monitized_heat_for_heating;1;1;13;0;NULL;622474224.46291;;;;;;;;;;;;;;;;;;;;;;;;;;;;;;;;;;;;;;;;;;;;;
555;monitized_heat_for_hot_water;monitized_heat_for_hot_water;1;1;13;0;NULL;155618556.115727;;;;;;;;;;;;;;;;;;;;;;;;;;;;;;;;;;;;;;;;;;;;;
556;diesel_generator;diesel_generator;1;5;26;0;NULL;0;;;;;;;;;;;;;;;;;;;;;;;;;;;;;;;;;;;;;;;;;;;;;
557;gas_turbine;gas_turbine;1;5;26;0;NULL;0;;;;;;;;;;;;;;;;;;;;;;;;;;;;;;;;;;;;;;;;;;;;;
558;final_demand_of_coal;final_demand_of_coal;1;3;14;0;NULL;0;;;;;;;;;;;;;;;;;;;;;;;;;;;;;;;;;;;;;;;;;;;;;
559;final_demand_of_lpg;final_demand_of_lpg;1;3;14;0;NULL;0;;;;;;;;;;;;;;;;;;;;;;;;;;;;;;;;;;;;;;;;;;;;;
560;final_demand_of_gasoline;final_demand_of_gasoline;1;3;14;0;NULL;0;;;;;;;;;;;;;;;;;;;;;;;;;;;;;;;;;;;;;;;;;;;;;
561;final_demand_of_kerosine;final_demand_of_kerosine;1;3;14;0;NULL;0;;;;;;;;;;;;;;;;;;;;;;;;;;;;;;;;;;;;;;;;;;;;;
562;final_demand_of_diesel;final_demand_of_diesel;1;3;14;0;NULL;0;;;;;;;;;;;;;;;;;;;;;;;;;;;;;;;;;;;;;;;;;;;;;
563;final_demand_of_heavy_fuel_oil;final_demand_of_heavy_fuel_oil;1;3;14;0;NULL;0;;;;;;;;;;;;;;;;;;;;;;;;;;;;;;;;;;;;;;;;;;;;;
564;final_demand_of_network_gas;final_demand_of_network_gas;1;3;14;0;NULL;0;;;;;;;;;;;;;;;;;;;;;;;;;;;;;;;;;;;;;;;;;;;;;
565;final_demand_of_bio_ethanol;final_demand_of_bio_ethanol;1;3;14;0;NULL;0;;;;;;;;;;;;;;;;;;;;;;;;;;;;;;;;;;;;;;;;;;;;;
566;final_demand_of_biodiesel;final_demand_of_biodiesel;1;3;14;0;NULL;0;;;;;;;;;;;;;;;;;;;;;;;;;;;;;;;;;;;;;;;;;;;;;
567;final_demand_of_electricity;final_demand_of_electricity;1;3;14;0;NULL;0;;;;;;;;;;;;;;;;;;;;;;;;;;;;;;;;;;;;;;;;;;;;;
568;distribution_of_heavy_fuel_oil;distribution_of_heavy_fuel_oil;3;5;21;0;NULL;0;;;;;;;;;;;;;;;;;;;;;;;;;;;;;;;;;;;;;;;;;;;;;
569;production_of_heavy_fuel_oil;production_of_heavy_fuel_oil;3;5;23;0;NULL;0;;;;;;;;;;;;;;;;;;;;;;;;;;;;;;;;;;;;;;;;;;;;;
570;road_lpg;road_lpg;1;3;13;0;NULL;0;;;;;;;;;;;;;;;;;;;;;;;;;;;;;;;;;;;;;;;;;;;;;
571;road_gasoline;road_gasoline;1;3;13;0;NULL;0;;;;;;;;;;;;;;;;;;;;;;;;;;;;;;;;;;;;;;;;;;;;;
572;road_diesel;road_diesel;1;3;13;0;NULL;0;;;;;;;;;;;;;;;;;;;;;;;;;;;;;;;;;;;;;;;;;;;;;
573;road_network_gas;road_network_gas;1;3;13;0;NULL;0;;;;;;;;;;;;;;;;;;;;;;;;;;;;;;;;;;;;;;;;;;;;;
574;road_bio_ethanol;road_bio_ethanol;1;3;13;0;NULL;0;;;;;;;;;;;;;;;;;;;;;;;;;;;;;;;;;;;;;;;;;;;;;
575;road_biodiesel;road_biodiesel;1;3;13;0;NULL;0;;;;;;;;;;;;;;;;;;;;;;;;;;;;;;;;;;;;;;;;;;;;;
576;road_electricity;road_electricity;1;3;13;0;NULL;0;;;;;;;;;;;;;;;;;;;;;;;;;;;;;;;;;;;;;;;;;;;;;
577;rail_coal;rail_coal;1;3;13;0;0;0;;;;;;;;;;;;;;;;;;;;;;;;;;;;;;;;;;;;;;;;;;;;;
578;rail_diesel;rail_diesel;1;3;13;0;NULL;0;;;;;;;;;;;;;;;;;;;;;;;;;;;;;;;;;;;;;;;;;;;;;
579;rail_biodiesel;rail_biodiesel;1;3;13;0;NULL;0;;;;;;;;;;;;;;;;;;;;;;;;;;;;;;;;;;;;;;;;;;;;;
580;rail_electricity;rail_electricity;1;3;13;0;0;0;;;;;;;;;;;;;;;;;;;;;;;;;;;;;;;;;;;;;;;;;;;;;
581;navigation_diesel;navigation_diesel;1;3;13;0;0;0;;;;;;;;;;;;;;;;;;;;;;;;;;;;;;;;;;;;;;;;;;;;;
582;navigation_heavy_fuel_oil;navigation_heavy_fuel_oil;1;3;13;0;0;0;;;;;;;;;;;;;;;;;;;;;;;;;;;;;;;;;;;;;;;;;;;;;
583;aviation_gasoline;aviation_gasoline;1;3;13;0;0;0;;;;;;;;;;;;;;;;;;;;;;;;;;;;;;;;;;;;;;;;;;;;;
584;aviation_kerosine;aviation_kerosine;1;3;13;0;0;0;;;;;;;;;;;;;;;;;;;;;;;;;;;;;;;;;;;;;;;;;;;;;
585;road_gasoline_mixer;road_gasoline_mixer;1;3;12;0;NULL;0;;;;;;;;;;;;;;;;;;;;;;;;;;;;;;;;;;;;;;;;;;;;;
586;road_diesel_mixer;road_diesel_mixer;1;3;12;0;NULL;0;;;;;;;;;;;;;;;;;;;;;;;;;;;;;;;;;;;;;;;;;;;;;
587;road_network_gas_compression;road_network_gas_compression;1;3;12;0;NULL;0;;;;;;;;;;;;;;;;;;;;;;;;;;;;;;;;;;;;;;;;;;;;;
588;rail_diesel_mixer;rail_diesel_mixer;1;3;12;0;0;0;;;;;;;;;;;;;;;;;;;;;;;;;;;;;;;;;;;;;;;;;;;;;
;;;;;;;;;;;;;;;;;;;;;;;;;;;;;;;;;;;;;;;;;;;;;;;;;;;;;
;;;;;;;;;;;;;;;;;;;;;;;;;;;;;;;;;;;;;;;;;;;;;;;;;;;;;
;;;;;;;;;;;;;;;;;;;;;;;;;;;;;;;;;;;;;;;;;;;;;;;;;;;;;
;;;;;;;;;;;;;;;;;;;;;;;;;;;;;;;;;;;;;;;;;;;;;;;;;;;;;
;;;;;;;;;;;;;;;;;;;;;;;;;;;;;;;;;;;;;;;;;;;;;;;;;;;;;
;;;;;;;;;;;;;;;;;;;;;;;;;;;;;;;;;;;;;;;;;;;;;;;;;;;;;
;;;;;;;;;;;;;;;;;;;;;;;;;;;;;;;;;;;;;;;;;;;;;;;;;;;;;
;;;;;;;;;;;;;;;;;;;;;;;;;;;;;;;;;;;;;;;;;;;;;;;;;;;;;
;;;;;;;;;;;;;;;;;;;;;;;;;;;;;;;;;;;;;;;;;;;;;;;;;;;;;
;;;;;;;;;;;;;;;;;;;;;;;;;;;;;;;;;;;;;;;;;;;;;;;;;;;;;
;;;;;;;;;;;;;;;;;;;;;;;;;;;;;;;;;;;;;;;;;;;;;;;;;;;;;
;;;;;;;;;;;;;;;;;;;;;;;;;;;;;;;;;;;;;;;;;;;;;;;;;;;;;
;;;;;;;;;;;;;;;;;;;;;;;;;;;;;;;;;;;;;;;;;;;;;;;;;;;;;
;;;;;;;;;;;;;;;;;;;;;;;;;;;;;;;;;;;;;;;;;;;;;;;;;;;;;
;;;;;;;;;;;;;;;;;;;;;;;;;;;;;;;;;;;;;;;;;;;;;;;;;;;;;
;;;;;;;;;;;;;;;;;;;;;;;;;;;;;;;;;;;;;;;;;;;;;;;;;;;;;
;;;;;;;;;;;;;;;;;;;;;;;;;;;;;;;;;;;;;;;;;;;;;;;;;;;;;
;;;;;;;;;;;;;;;;;;;;;;;;;;;;;;;;;;;;;;;;;;;;;;;;;;;;;
;;;;;;;;;;;;;;;;;;;;;;;;;;;;;;;;;;;;;;;;;;;;;;;;;;;;;
;;;;;;;;;;;;;;;;;;;;;;;;;;;;;;;;;;;;;;;;;;;;;;;;;;;;;
;;;;;;;;;;;;;;;;;;;;;;;;;;;;;;;;;;;;;;;;;;;;;;;;;;;;;
;;;;;;;;;;;;;;;;;;;;;;;;;;;;;;;;;;;;;;;;;;;;;;;;;;;;;
;;;;;;;;;;;;;;;;;;;;;;;;;;;;;;;;;;;;;;;;;;;;;;;;;;;;;
;;;;;;;;;;;;;;;;;;;;;;;;;;;;;;;;;;;;;;;;;;;;;;;;;;;;;
;;;;;;;;;;;;;;;;;;;;;;;;;;;;;;;;;;;;;;;;;;;;;;;;;;;;;
;;;;;;;;;;;;;;;;;;;;;;;;;;;;;;;;;;;;;;;;;;;;;;;;;;;;;
;;;;;;;;;;;;;;;;;;;;;;;;;;;;;;;;;;;;;;;;;;;;;;;;;;;;;
;;;;;;;;;;;;;;;;;;;;;;;;;;;;;;;;;;;;;;;;;;;;;;;;;;;;;
;;;;;;;;;;;;;;;;;;;;;;;;;;;;;;;;;;;;;;;;;;;;;;;;;;;;;
;;;;;;;;;;;;;;;;;;;;;;;;;;;;;;;;;;;;;;;;;;;;;;;;;;;;;
;;;;;;;;;;;;;;;;;;;;;;;;;;;;;;;;;;;;;;;;;;;;;;;;;;;;;
;;;;;;;;;;;;;;;;;;;;;;;;;;;;;;;;;;;;;;;;;;;;;;;;;;;;;
;;;;;;;;;;;;;;;;;;;;;;;;;;;;;;;;;;;;;;;;;;;;;;;;;;;;;
;;;;;;;;;;;;;;;;;;;;;;;;;;;;;;;;;;;;;;;;;;;;;;;;;;;;;
;;;;;;;;;;;;;;;;;;;;;;;;;;;;;;;;;;;;;;;;;;;;;;;;;;;;;
;;;;;;;;;;;;;;;;;;;;;;;;;;;;;;;;;;;;;;;;;;;;;;;;;;;;;
;;;;;;;;;;;;;;;;;;;;;;;;;;;;;;;;;;;;;;;;;;;;;;;;;;;;;
;;;;;;;;;;;;;;;;;;;;;;;;;;;;;;;;;;;;;;;;;;;;;;;;;;;;;
;;;;;;;;;;;;;;;;;;;;;;;;;;;;;;;;;;;;;;;;;;;;;;;;;;;;;
;;;;;;;;;;;;;;;;;;;;;;;;;;;;;;;;;;;;;;;;;;;;;;;;;;;;;
;;;;;;;;;;;;;;;;;;;;;;;;;;;;;;;;;;;;;;;;;;;;;;;;;;;;;
;;;;;;;;;;;;;;;;;;;;;;;;;;;;;;;;;;;;;;;;;;;;;;;;;;;;;
;;;;;;;;;;;;;;;;;;;;;;;;;;;;;;;;;;;;;;;;;;;;;;;;;;;;;
;;;;;;;;;;;;;;;;;;;;;;;;;;;;;;;;;;;;;;;;;;;;;;;;;;;;;
;;;;;;;;;;;;;;;;;;;;;;;;;;;;;;;;;;;;;;;;;;;;;;;;;;;;;
;;;;;;;;;;;;;;;;;;;;;;;;;;;;;;;;;;;;;;;;;;;;;;;;;;;;;
;;;;;;;;;;;;;;;;;;;;;;;;;;;;;;;;;;;;;;;;;;;;;;;;;;;;;
;;;;;;;;;;;;;;;;;;;;;;;;;;;;;;;;;;;;;;;;;;;;;;;;;;;;;
;;;;;;;;;;;;;;;;;;;;;;;;;;;;;;;;;;;;;;;;;;;;;;;;;;;;;
;;;;;;;;;;;;;;;;;;;;;;;;;;;;;;;;;;;;;;;;;;;;;;;;;;;;;
;;;;;;;;;;;;;;;;;;;;;;;;;;;;;;;;;;;;;;;;;;;;;;;;;;;;;
;;;;;;;;;;;;;;;;;;;;;;;;;;;;;;;;;;;;;;;;;;;;;;;;;;;;;
;;;;;;;;;;;;;;;;;;;;;;;;;;;;;;;;;;;;;;;;;;;;;;;;;;;;;
;;;;;;;;;;;;;;;;;;;;;;;;;;;;;;;;;;;;;;;;;;;;;;;;;;;;;
;;;;;;;;;;;;;;;;;;;;;;;;;;;;;;;;;;;;;;;;;;;;;;;;;;;;;
;;;;;;;;;;;;;;;;;;;;;;;;;;;;;;;;;;;;;;;;;;;;;;;;;;;;;
;;;;;;;;;;;;;;;;;;;;;;;;;;;;;;;;;;;;;;;;;;;;;;;;;;;;;
;;;;;;;;;;;;;;;;;;;;;;;;;;;;;;;;;;;;;;;;;;;;;;;;;;;;;
;;;;;;;;;;;;;;;;;;;;;;;;;;;;;;;;;;;;;;;;;;;;;;;;;;;;;
;;;;;;;;;;;;;;;;;;;;;;;;;;;;;;;;;;;;;;;;;;;;;;;;;;;;;
;;;;;;;;;;;;;;;;;;;;;;;;;;;;;;;;;;;;;;;;;;;;;;;;;;;;;
;;;;;;;;;;;;;;;;;;;;;;;;;;;;;;;;;;;;;;;;;;;;;;;;;;;;;
;;;;;;;;;;;;;;;;;;;;;;;;;;;;;;;;;;;;;;;;;;;;;;;;;;;;;
;;;;;;;;;;;;;;;;;;;;;;;;;;;;;;;;;;;;;;;;;;;;;;;;;;;;;
;;;;;;;;;;;;;;;;;;;;;;;;;;;;;;;;;;;;;;;;;;;;;;;;;;;;;
;;;;;;;;;;;;;;;;;;;;;;;;;;;;;;;;;;;;;;;;;;;;;;;;;;;;;
;;;;;;;;;;;;;;;;;;;;;;;;;;;;;;;;;;;;;;;;;;;;;;;;;;;;;
;;;;;;;;;;;;;;;;;;;;;;;;;;;;;;;;;;;;;;;;;;;;;;;;;;;;;
;;;;;;;;;;;;;;;;;;;;;;;;;;;;;;;;;;;;;;;;;;;;;;;;;;;;;
;;;;;;;;;;;;;;;;;;;;;;;;;;;;;;;;;;;;;;;;;;;;;;;;;;;;;
;;;;;;;;;;;;;;;;;;;;;;;;;;;;;;;;;;;;;;;;;;;;;;;;;;;;;
;;;;;;;;;;;;;;;;;;;;;;;;;;;;;;;;;;;;;;;;;;;;;;;;;;;;;
;;;;;;;;;;;;;;;;;;;;;;;;;;;;;;;;;;;;;;;;;;;;;;;;;;;;;
;;;;;;;;;;;;;;;;;;;;;;;;;;;;;;;;;;;;;;;;;;;;;;;;;;;;;
;;;;;;;;;;;;;;;;;;;;;;;;;;;;;;;;;;;;;;;;;;;;;;;;;;;;;
;;;;;;;;;;;;;;;;;;;;;;;;;;;;;;;;;;;;;;;;;;;;;;;;;;;;;
;;;;;;;;;;;;;;;;;;;;;;;;;;;;;;;;;;;;;;;;;;;;;;;;;;;;;
;;;;;;;;;;;;;;;;;;;;;;;;;;;;;;;;;;;;;;;;;;;;;;;;;;;;;
;;;;;;;;;;;;;;;;;;;;;;;;;;;;;;;;;;;;;;;;;;;;;;;;;;;;;
;;;;;;;;;;;;;;;;;;;;;;;;;;;;;;;;;;;;;;;;;;;;;;;;;;;;;
;;;;;;;;;;;;;;;;;;;;;;;;;;;;;;;;;;;;;;;;;;;;;;;;;;;;;
;;;;;;;;;;;;;;;;;;;;;;;;;;;;;;;;;;;;;;;;;;;;;;;;;;;;;
;;;;;;;;;;;;;;;;;;;;;;;;;;;;;;;;;;;;;;;;;;;;;;;;;;;;;
;;;;;;;;;;;;;;;;;;;;;;;;;;;;;;;;;;;;;;;;;;;;;;;;;;;;;
;;;;;;;;;;;;;;;;;;;;;;;;;;;;;;;;;;;;;;;;;;;;;;;;;;;;;
;;;;;;;;;;;;;;;;;;;;;;;;;;;;;;;;;;;;;;;;;;;;;;;;;;;;;
;;;;;;;;;;;;;;;;;;;;;;;;;;;;;;;;;;;;;;;;;;;;;;;;;;;;;
;;;;;;;;;;;;;;;;;;;;;;;;;;;;;;;;;;;;;;;;;;;;;;;;;;;;;
;;;;;;;;;;;;;;;;;;;;;;;;;;;;;;;;;;;;;;;;;;;;;;;;;;;;;
;;;;;;;;;;;;;;;;;;;;;;;;;;;;;;;;;;;;;;;;;;;;;;;;;;;;;
;;;;;;;;;;;;;;;;;;;;;;;;;;;;;;;;;;;;;;;;;;;;;;;;;;;;;
;;;;;;;;;;;;;;;;;;;;;;;;;;;;;;;;;;;;;;;;;;;;;;;;;;;;;
;;;;;;;;;;;;;;;;;;;;;;;;;;;;;;;;;;;;;;;;;;;;;;;;;;;;;
;;;;;;;;;;;;;;;;;;;;;;;;;;;;;;;;;;;;;;;;;;;;;;;;;;;;;
;;;;;;;;;;;;;;;;;;;;;;;;;;;;;;;;;;;;;;;;;;;;;;;;;;;;;
;;;;;;;;;;;;;;;;;;;;;;;;;;;;;;;;;;;;;;;;;;;;;;;;;;;;;
;;;;;;;;;;;;;;;;;;;;;;;;;;;;;;;;;;;;;;;;;;;;;;;;;;;;;
;;;;;;;;;;;;;;;;;;;;;;;;;;;;;;;;;;;;;;;;;;;;;;;;;;;;;
;;;;;;;;;;;;;;;;;;;;;;;;;;;;;;;;;;;;;;;;;;;;;;;;;;;;;
;;;;;;;;;;;;;;;;;;;;;;;;;;;;;;;;;;;;;;;;;;;;;;;;;;;;;
;;;;;;;;;;;;;;;;;;;;;;;;;;;;;;;;;;;;;;;;;;;;;;;;;;;;;
;;;;;;;;;;;;;;;;;;;;;;;;;;;;;;;;;;;;;;;;;;;;;;;;;;;;;
;;;;;;;;;;;;;;;;;;;;;;;;;;;;;;;;;;;;;;;;;;;;;;;;;;;;;
;;;;;;;;;;;;;;;;;;;;;;;;;;;;;;;;;;;;;;;;;;;;;;;;;;;;;
;;;;;;;;;;;;;;;;;;;;;;;;;;;;;;;;;;;;;;;;;;;;;;;;;;;;;
;;;;;;;;;;;;;;;;;;;;;;;;;;;;;;;;;;;;;;;;;;;;;;;;;;;;;
;;;;;;;;;;;;;;;;;;;;;;;;;;;;;;;;;;;;;;;;;;;;;;;;;;;;;
;;;;;;;;;;;;;;;;;;;;;;;;;;;;;;;;;;;;;;;;;;;;;;;;;;;;;
;;;;;;;;;;;;;;;;;;;;;;;;;;;;;;;;;;;;;;;;;;;;;;;;;;;;;
;;;;;;;;;;;;;;;;;;;;;;;;;;;;;;;;;;;;;;;;;;;;;;;;;;;;;
;;;;;;;;;;;;;;;;;;;;;;;;;;;;;;;;;;;;;;;;;;;;;;;;;;;;;
;;;;;;;;;;;;;;;;;;;;;;;;;;;;;;;;;;;;;;;;;;;;;;;;;;;;;
;;;;;;;;;;;;;;;;;;;;;;;;;;;;;;;;;;;;;;;;;;;;;;;;;;;;;
;;;;;;;;;;;;;;;;;;;;;;;;;;;;;;;;;;;;;;;;;;;;;;;;;;;;;
;;;;;;;;;;;;;;;;;;;;;;;;;;;;;;;;;;;;;;;;;;;;;;;;;;;;;
;;;;;;;;;;;;;;;;;;;;;;;;;;;;;;;;;;;;;;;;;;;;;;;;;;;;;
;;;;;;;;;;;;;;;;;;;;;;;;;;;;;;;;;;;;;;;;;;;;;;;;;;;;;
;;;;;;;;;;;;;;;;;;;;;;;;;;;;;;;;;;;;;;;;;;;;;;;;;;;;;
;;;;;;;;;;;;;;;;;;;;;;;;;;;;;;;;;;;;;;;;;;;;;;;;;;;;;
;;;;;;;;;;;;;;;;;;;;;;;;;;;;;;;;;;;;;;;;;;;;;;;;;;;;;
;;;;;;;;;;;;;;;;;;;;;;;;;;;;;;;;;;;;;;;;;;;;;;;;;;;;;
;;;;;;;;;;;;;;;;;;;;;;;;;;;;;;;;;;;;;;;;;;;;;;;;;;;;;
;;;;;;;;;;;;;;;;;;;;;;;;;;;;;;;;;;;;;;;;;;;;;;;;;;;;;
;;;;;;;;;;;;;;;;;;;;;;;;;;;;;;;;;;;;;;;;;;;;;;;;;;;;;
;;;;;;;;;;;;;;;;;;;;;;;;;;;;;;;;;;;;;;;;;;;;;;;;;;;;;
;;;;;;;;;;;;;;;;;;;;;;;;;;;;;;;;;;;;;;;;;;;;;;;;;;;;;
;;;;;;;;;;;;;;;;;;;;;;;;;;;;;;;;;;;;;;;;;;;;;;;;;;;;;
;;;;;;;;;;;;;;;;;;;;;;;;;;;;;;;;;;;;;;;;;;;;;;;;;;;;;
;;;;;;;;;;;;;;;;;;;;;;;;;;;;;;;;;;;;;;;;;;;;;;;;;;;;;
;;;;;;;;;;;;;;;;;;;;;;;;;;;;;;;;;;;;;;;;;;;;;;;;;;;;;
;;;;;;;;;;;;;;;;;;;;;;;;;;;;;;;;;;;;;;;;;;;;;;;;;;;;;
;;;;;;;;;;;;;;;;;;;;;;;;;;;;;;;;;;;;;;;;;;;;;;;;;;;;;
;;;;;;;;;;;;;;;;;;;;;;;;;;;;;;;;;;;;;;;;;;;;;;;;;;;;;
;;;;;;;;;;;;;;;;;;;;;;;;;;;;;;;;;;;;;;;;;;;;;;;;;;;;;
;;;;;;;;;;;;;;;;;;;;;;;;;;;;;;;;;;;;;;;;;;;;;;;;;;;;;
;;;;;;;;;;;;;;;;;;;;;;;;;;;;;;;;;;;;;;;;;;;;;;;;;;;;;
;;;;;;;;;;;;;;;;;;;;;;;;;;;;;;;;;;;;;;;;;;;;;;;;;;;;;
;;;;;;;;;;;;;;;;;;;;;;;;;;;;;;;;;;;;;;;;;;;;;;;;;;;;;
;;;;;;;;;;;;;;;;;;;;;;;;;;;;;;;;;;;;;;;;;;;;;;;;;;;;;
;;;;;;;;;;;;;;;;;;;;;;;;;;;;;;;;;;;;;;;;;;;;;;;;;;;;;
;;;;;;;;;;;;;;;;;;;;;;;;;;;;;;;;;;;;;;;;;;;;;;;;;;;;;
;;;;;;;;;;;;;;;;;;;;;;;;;;;;;;;;;;;;;;;;;;;;;;;;;;;;;
;;;;;;;;;;;;;;;;;;;;;;;;;;;;;;;;;;;;;;;;;;;;;;;;;;;;;
;;;;;;;;;;;;;;;;;;;;;;;;;;;;;;;;;;;;;;;;;;;;;;;;;;;;;
;;;;;;;;;;;;;;;;;;;;;;;;;;;;;;;;;;;;;;;;;;;;;;;;;;;;;
;;;;;;;;;;;;;;;;;;;;;;;;;;;;;;;;;;;;;;;;;;;;;;;;;;;;;
;;;;;;;;;;;;;;;;;;;;;;;;;;;;;;;;;;;;;;;;;;;;;;;;;;;;;
;;;;;;;;;;;;;;;;;;;;;;;;;;;;;;;;;;;;;;;;;;;;;;;;;;;;;
;;;;;;;;;;;;;;;;;;;;;;;;;;;;;;;;;;;;;;;;;;;;;;;;;;;;;
;;;;;;;;;;;;;;;;;;;;;;;;;;;;;;;;;;;;;;;;;;;;;;;;;;;;;
;;;;;;;;;;;;;;;;;;;;;;;;;;;;;;;;;;;;;;;;;;;;;;;;;;;;;
;;;;;;;;;;;;;;;;;;;;;;;;;;;;;;;;;;;;;;;;;;;;;;;;;;;;;
;;;;;;;;;;;;;;;;;;;;;;;;;;;;;;;;;;;;;;;;;;;;;;;;;;;;;
;;;;;;;;;;;;;;;;;;;;;;;;;;;;;;;;;;;;;;;;;;;;;;;;;;;;;
;;;;;;;;;;;;;;;;;;;;;;;;;;;;;;;;;;;;;;;;;;;;;;;;;;;;;
;;;;;;;;;;;;;;;;;;;;;;;;;;;;;;;;;;;;;;;;;;;;;;;;;;;;;
;;;;;;;;;;;;;;;;;;;;;;;;;;;;;;;;;;;;;;;;;;;;;;;;;;;;;
;;;;;;;;;;;;;;;;;;;;;;;;;;;;;;;;;;;;;;;;;;;;;;;;;;;;;
;;;;;;;;;;;;;;;;;;;;;;;;;;;;;;;;;;;;;;;;;;;;;;;;;;;;;
;;;;;;;;;;;;;;;;;;;;;;;;;;;;;;;;;;;;;;;;;;;;;;;;;;;;;
;;;;;;;;;;;;;;;;;;;;;;;;;;;;;;;;;;;;;;;;;;;;;;;;;;;;;
;;;;;;;;;;;;;;;;;;;;;;;;;;;;;;;;;;;;;;;;;;;;;;;;;;;;;
;;;;;;;;;;;;;;;;;;;;;;;;;;;;;;;;;;;;;;;;;;;;;;;;;;;;;
;;;;;;;;;;;;;;;;;;;;;;;;;;;;;;;;;;;;;;;;;;;;;;;;;;;;;
;;;;;;;;;;;;;;;;;;;;;;;;;;;;;;;;;;;;;;;;;;;;;;;;;;;;;
;;;;;;;;;;;;;;;;;;;;;;;;;;;;;;;;;;;;;;;;;;;;;;;;;;;;;
;;;;;;;;;;;;;;;;;;;;;;;;;;;;;;;;;;;;;;;;;;;;;;;;;;;;;
;;;;;;;;;;;;;;;;;;;;;;;;;;;;;;;;;;;;;;;;;;;;;;;;;;;;;
;;;;;;;;;;;;;;;;;;;;;;;;;;;;;;;;;;;;;;;;;;;;;;;;;;;;;
;;;;;;;;;;;;;;;;;;;;;;;;;;;;;;;;;;;;;;;;;;;;;;;;;;;;;
;;;;;;;;;;;;;;;;;;;;;;;;;;;;;;;;;;;;;;;;;;;;;;;;;;;;;
;;;;;;;;;;;;;;;;;;;;;;;;;;;;;;;;;;;;;;;;;;;;;;;;;;;;;
;;;;;;;;;;;;;;;;;;;;;;;;;;;;;;;;;;;;;;;;;;;;;;;;;;;;;
;;;;;;;;;;;;;;;;;;;;;;;;;;;;;;;;;;;;;;;;;;;;;;;;;;;;;
;;;;;;;;;;;;;;;;;;;;;;;;;;;;;;;;;;;;;;;;;;;;;;;;;;;;;
;;;;;;;;;;;;;;;;;;;;;;;;;;;;;;;;;;;;;;;;;;;;;;;;;;;;;
;;;;;;;;;;;;;;;;;;;;;;;;;;;;;;;;;;;;;;;;;;;;;;;;;;;;;
;;;;;;;;;;;;;;;;;;;;;;;;;;;;;;;;;;;;;;;;;;;;;;;;;;;;;
;;;;;;;;;;;;;;;;;;;;;;;;;;;;;;;;;;;;;;;;;;;;;;;;;;;;;
;;;;;;;;;;;;;;;;;;;;;;;;;;;;;;;;;;;;;;;;;;;;;;;;;;;;;
;;;;;;;;;;;;;;;;;;;;;;;;;;;;;;;;;;;;;;;;;;;;;;;;;;;;;
;;;;;;;;;;;;;;;;;;;;;;;;;;;;;;;;;;;;;;;;;;;;;;;;;;;;;
;;;;;;;;;;;;;;;;;;;;;;;;;;;;;;;;;;;;;;;;;;;;;;;;;;;;;
;;;;;;;;;;;;;;;;;;;;;;;;;;;;;;;;;;;;;;;;;;;;;;;;;;;;;
;;;;;;;;;;;;;;;;;;;;;;;;;;;;;;;;;;;;;;;;;;;;;;;;;;;;;
;;;;;;;;;;;;;;;;;;;;;;;;;;;;;;;;;;;;;;;;;;;;;;;;;;;;;
;;;;;;;;;;;;;;;;;;;;;;;;;;;;;;;;;;;;;;;;;;;;;;;;;;;;;
;;;;;;;;;;;;;;;;;;;;;;;;;;;;;;;;;;;;;;;;;;;;;;;;;;;;;
;;;;;;;;;;;;;;;;;;;;;;;;;;;;;;;;;;;;;;;;;;;;;;;;;;;;;
;;;;;;;;;;;;;;;;;;;;;;;;;;;;;;;;;;;;;;;;;;;;;;;;;;;;;
;;;;;;;;;;;;;;;;;;;;;;;;;;;;;;;;;;;;;;;;;;;;;;;;;;;;;
;;;;;;;;;;;;;;;;;;;;;;;;;;;;;;;;;;;;;;;;;;;;;;;;;;;;;
;;;;;;;;;;;;;;;;;;;;;;;;;;;;;;;;;;;;;;;;;;;;;;;;;;;;;
;;;;;;;;;;;;;;;;;;;;;;;;;;;;;;;;;;;;;;;;;;;;;;;;;;;;;
;;;;;;;;;;;;;;;;;;;;;;;;;;;;;;;;;;;;;;;;;;;;;;;;;;;;;
;;;;;;;;;;;;;;;;;;;;;;;;;;;;;;;;;;;;;;;;;;;;;;;;;;;;;
;;;;;;;;;;;;;;;;;;;;;;;;;;;;;;;;;;;;;;;;;;;;;;;;;;;;;
;;;;;;;;;;;;;;;;;;;;;;;;;;;;;;;;;;;;;;;;;;;;;;;;;;;;;
;;;;;;;;;;;;;;;;;;;;;;;;;;;;;;;;;;;;;;;;;;;;;;;;;;;;;
;;;;;;;;;;;;;;;;;;;;;;;;;;;;;;;;;;;;;;;;;;;;;;;;;;;;;
;;;;;;;;;;;;;;;;;;;;;;;;;;;;;;;;;;;;;;;;;;;;;;;;;;;;;
;;;;;;;;;;;;;;;;;;;;;;;;;;;;;;;;;;;;;;;;;;;;;;;;;;;;;
;;;;;;;;;;;;;;;;;;;;;;;;;;;;;;;;;;;;;;;;;;;;;;;;;;;;;
;;;;;;;;;;;;;;;;;;;;;;;;;;;;;;;;;;;;;;;;;;;;;;;;;;;;;
;;;;;;;;;;;;;;;;;;;;;;;;;;;;;;;;;;;;;;;;;;;;;;;;;;;;;
;;;;;;;;;;;;;;;;;;;;;;;;;;;;;;;;;;;;;;;;;;;;;;;;;;;;;
;;;;;;;;;;;;;;;;;;;;;;;;;;;;;;;;;;;;;;;;;;;;;;;;;;;;;
;;;;;;;;;;;;;;;;;;;;;;;;;;;;;;;;;;;;;;;;;;;;;;;;;;;;;
;;;;;;;;;;;;;;;;;;;;;;;;;;;;;;;;;;;;;;;;;;;;;;;;;;;;;
;;;;;;;;;;;;;;;;;;;;;;;;;;;;;;;;;;;;;;;;;;;;;;;;;;;;;
;;;;;;;;;;;;;;;;;;;;;;;;;;;;;;;;;;;;;;;;;;;;;;;;;;;;;
;;;;;;;;;;;;;;;;;;;;;;;;;;;;;;;;;;;;;;;;;;;;;;;;;;;;;
;;;;;;;;;;;;;;;;;;;;;;;;;;;;;;;;;;;;;;;;;;;;;;;;;;;;;
;;;;;;;;;;;;;;;;;;;;;;;;;;;;;;;;;;;;;;;;;;;;;;;;;;;;;
;;;;;;;;;;;;;;;;;;;;;;;;;;;;;;;;;;;;;;;;;;;;;;;;;;;;;
;;;;;;;;;;;;;;;;;;;;;;;;;;;;;;;;;;;;;;;;;;;;;;;;;;;;;
;;;;;;;;;;;;;;;;;;;;;;;;;;;;;;;;;;;;;;;;;;;;;;;;;;;;;
;;;;;;;;;;;;;;;;;;;;;;;;;;;;;;;;;;;;;;;;;;;;;;;;;;;;;
;;;;;;;;;;;;;;;;;;;;;;;;;;;;;;;;;;;;;;;;;;;;;;;;;;;;;
;;;;;;;;;;;;;;;;;;;;;;;;;;;;;;;;;;;;;;;;;;;;;;;;;;;;;
;;;;;;;;;;;;;;;;;;;;;;;;;;;;;;;;;;;;;;;;;;;;;;;;;;;;;
;;;;;;;;;;;;;;;;;;;;;;;;;;;;;;;;;;;;;;;;;;;;;;;;;;;;;
;;;;;;;;;;;;;;;;;;;;;;;;;;;;;;;;;;;;;;;;;;;;;;;;;;;;;
;;;;;;;;;;;;;;;;;;;;;;;;;;;;;;;;;;;;;;;;;;;;;;;;;;;;;
;;;;;;;;;;;;;;;;;;;;;;;;;;;;;;;;;;;;;;;;;;;;;;;;;;;;;
;;;;;;;;;;;;;;;;;;;;;;;;;;;;;;;;;;;;;;;;;;;;;;;;;;;;;
;;;;;;;;;;;;;;;;;;;;;;;;;;;;;;;;;;;;;;;;;;;;;;;;;;;;;
;;;;;;;;;;;;;;;;;;;;;;;;;;;;;;;;;;;;;;;;;;;;;;;;;;;;;
;;;;;;;;;;;;;;;;;;;;;;;;;;;;;;;;;;;;;;;;;;;;;;;;;;;;;
;;;;;;;;;;;;;;;;;;;;;;;;;;;;;;;;;;;;;;;;;;;;;;;;;;;;;
;;;;;;;;;;;;;;;;;;;;;;;;;;;;;;;;;;;;;;;;;;;;;;;;;;;;;
;;;;;;;;;;;;;;;;;;;;;;;;;;;;;;;;;;;;;;;;;;;;;;;;;;;;;
;;;;;;;;;;;;;;;;;;;;;;;;;;;;;;;;;;;;;;;;;;;;;;;;;;;;;
;;;;;;;;;;;;;;;;;;;;;;;;;;;;;;;;;;;;;;;;;;;;;;;;;;;;;
;;;;;;;;;;;;;;;;;;;;;;;;;;;;;;;;;;;;;;;;;;;;;;;;;;;;;
;;;;;;;;;;;;;;;;;;;;;;;;;;;;;;;;;;;;;;;;;;;;;;;;;;;;;
;;;;;;;;;;;;;;;;;;;;;;;;;;;;;;;;;;;;;;;;;;;;;;;;;;;;;
;;;;;;;;;;;;;;;;;;;;;;;;;;;;;;;;;;;;;;;;;;;;;;;;;;;;;
;;;;;;;;;;;;;;;;;;;;;;;;;;;;;;;;;;;;;;;;;;;;;;;;;;;;;
;;;;;;;;;;;;;;;;;;;;;;;;;;;;;;;;;;;;;;;;;;;;;;;;;;;;;
;;;;;;;;;;;;;;;;;;;;;;;;;;;;;;;;;;;;;;;;;;;;;;;;;;;;;
;;;;;;;;;;;;;;;;;;;;;;;;;;;;;;;;;;;;;;;;;;;;;;;;;;;;;
;;;;;;;;;;;;;;;;;;;;;;;;;;;;;;;;;;;;;;;;;;;;;;;;;;;;;
;;;;;;;;;;;;;;;;;;;;;;;;;;;;;;;;;;;;;;;;;;;;;;;;;;;;;
;;;;;;;;;;;;;;;;;;;;;;;;;;;;;;;;;;;;;;;;;;;;;;;;;;;;;
;;;;;;;;;;;;;;;;;;;;;;;;;;;;;;;;;;;;;;;;;;;;;;;;;;;;;
;;;;;;;;;;;;;;;;;;;;;;;;;;;;;;;;;;;;;;;;;;;;;;;;;;;;;
;;;;;;;;;;;;;;;;;;;;;;;;;;;;;;;;;;;;;;;;;;;;;;;;;;;;;
;;;;;;;;;;;;;;;;;;;;;;;;;;;;;;;;;;;;;;;;;;;;;;;;;;;;;
;;;;;;;;;;;;;;;;;;;;;;;;;;;;;;;;;;;;;;;;;;;;;;;;;;;;;
;;;;;;;;;;;;;;;;;;;;;;;;;;;;;;;;;;;;;;;;;;;;;;;;;;;;;
;;;;;;;;;;;;;;;;;;;;;;;;;;;;;;;;;;;;;;;;;;;;;;;;;;;;;
;;;;;;;;;;;;;;;;;;;;;;;;;;;;;;;;;;;;;;;;;;;;;;;;;;;;;
;;;;;;;;;;;;;;;;;;;;;;;;;;;;;;;;;;;;;;;;;;;;;;;;;;;;;
;;;;;;;;;;;;;;;;;;;;;;;;;;;;;;;;;;;;;;;;;;;;;;;;;;;;;
;;;;;;;;;;;;;;;;;;;;;;;;;;;;;;;;;;;;;;;;;;;;;;;;;;;;;
;;;;;;;;;;;;;;;;;;;;;;;;;;;;;;;;;;;;;;;;;;;;;;;;;;;;;
;;;;;;;;;;;;;;;;;;;;;;;;;;;;;;;;;;;;;;;;;;;;;;;;;;;;;
;;;;;;;;;;;;;;;;;;;;;;;;;;;;;;;;;;;;;;;;;;;;;;;;;;;;;
;;;;;;;;;;;;;;;;;;;;;;;;;;;;;;;;;;;;;;;;;;;;;;;;;;;;;
;;;;;;;;;;;;;;;;;;;;;;;;;;;;;;;;;;;;;;;;;;;;;;;;;;;;;
;;;;;;;;;;;;;;;;;;;;;;;;;;;;;;;;;;;;;;;;;;;;;;;;;;;;;
;;;;;;;;;;;;;;;;;;;;;;;;;;;;;;;;;;;;;;;;;;;;;;;;;;;;;
;;;;;;;;;;;;;;;;;;;;;;;;;;;;;;;;;;;;;;;;;;;;;;;;;;;;;
;;;;;;;;;;;;;;;;;;;;;;;;;;;;;;;;;;;;;;;;;;;;;;;;;;;;;
;;;;;;;;;;;;;;;;;;;;;;;;;;;;;;;;;;;;;;;;;;;;;;;;;;;;;
;;;;;;;;;;;;;;;;;;;;;;;;;;;;;;;;;;;;;;;;;;;;;;;;;;;;;
;;;;;;;;;;;;;;;;;;;;;;;;;;;;;;;;;;;;;;;;;;;;;;;;;;;;;
;;;;;;;;;;;;;;;;;;;;;;;;;;;;;;;;;;;;;;;;;;;;;;;;;;;;;
;;;;;;;;;;;;;;;;;;;;;;;;;;;;;;;;;;;;;;;;;;;;;;;;;;;;;
;;;;;;;;;;;;;;;;;;;;;;;;;;;;;;;;;;;;;;;;;;;;;;;;;;;;;
;;;;;;;;;;;;;;;;;;;;;;;;;;;;;;;;;;;;;;;;;;;;;;;;;;;;;
;;;;;;;;;;;;;;;;;;;;;;;;;;;;;;;;;;;;;;;;;;;;;;;;;;;;;
;;;;;;;;;;;;;;;;;;;;;;;;;;;;;;;;;;;;;;;;;;;;;;;;;;;;;
;;;;;;;;;;;;;;;;;;;;;;;;;;;;;;;;;;;;;;;;;;;;;;;;;;;;;
;;;;;;;;;;;;;;;;;;;;;;;;;;;;;;;;;;;;;;;;;;;;;;;;;;;;;
;;;;;;;;;;;;;;;;;;;;;;;;;;;;;;;;;;;;;;;;;;;;;;;;;;;;;
;;;;;;;;;;;;;;;;;;;;;;;;;;;;;;;;;;;;;;;;;;;;;;;;;;;;;
;;;;;;;;;;;;;;;;;;;;;;;;;;;;;;;;;;;;;;;;;;;;;;;;;;;;;
;;;;;;;;;;;;;;;;;;;;;;;;;;;;;;;;;;;;;;;;;;;;;;;;;;;;;
;;;;;;;;;;;;;;;;;;;;;;;;;;;;;;;;;;;;;;;;;;;;;;;;;;;;;
;;;;;;;;;;;;;;;;;;;;;;;;;;;;;;;;;;;;;;;;;;;;;;;;;;;;;
;;;;;;;;;;;;;;;;;;;;;;;;;;;;;;;;;;;;;;;;;;;;;;;;;;;;;
;;;;;;;;;;;;;;;;;;;;;;;;;;;;;;;;;;;;;;;;;;;;;;;;;;;;;
;;;;;;;;;;;;;;;;;;;;;;;;;;;;;;;;;;;;;;;;;;;;;;;;;;;;;
;;;;;;;;;;;;;;;;;;;;;;;;;;;;;;;;;;;;;;;;;;;;;;;;;;;;;
;;;;;;;;;;;;;;;;;;;;;;;;;;;;;;;;;;;;;;;;;;;;;;;;;;;;;
;;;;;;;;;;;;;;;;;;;;;;;;;;;;;;;;;;;;;;;;;;;;;;;;;;;;;
;;;;;;;;;;;;;;;;;;;;;;;;;;;;;;;;;;;;;;;;;;;;;;;;;;;;;
;;;;;;;;;;;;;;;;;;;;;;;;;;;;;;;;;;;;;;;;;;;;;;;;;;;;;
;;;;;;;;;;;;;;;;;;;;;;;;;;;;;;;;;;;;;;;;;;;;;;;;;;;;;
;;;;;;;;;;;;;;;;;;;;;;;;;;;;;;;;;;;;;;;;;;;;;;;;;;;;;
;;;;;;;;;;;;;;;;;;;;;;;;;;;;;;;;;;;;;;;;;;;;;;;;;;;;;
;;;;;;;;;;;;;;;;;;;;;;;;;;;;;;;;;;;;;;;;;;;;;;;;;;;;;
;;;;;;;;;;;;;;;;;;;;;;;;;;;;;;;;;;;;;;;;;;;;;;;;;;;;;
;;;;;;;;;;;;;;;;;;;;;;;;;;;;;;;;;;;;;;;;;;;;;;;;;;;;;
;;;;;;;;;;;;;;;;;;;;;;;;;;;;;;;;;;;;;;;;;;;;;;;;;;;;;
;;;;;;;;;;;;;;;;;;;;;;;;;;;;;;;;;;;;;;;;;;;;;;;;;;;;;
;;;;;;;;;;;;;;;;;;;;;;;;;;;;;;;;;;;;;;;;;;;;;;;;;;;;;
;;;;;;;;;;;;;;;;;;;;;;;;;;;;;;;;;;;;;;;;;;;;;;;;;;;;;
;;;;;;;;;;;;;;;;;;;;;;;;;;;;;;;;;;;;;;;;;;;;;;;;;;;;;
;;;;;;;;;;;;;;;;;;;;;;;;;;;;;;;;;;;;;;;;;;;;;;;;;;;;;
;;;;;;;;;;;;;;;;;;;;;;;;;;;;;;;;;;;;;;;;;;;;;;;;;;;;;
;;;;;;;;;;;;;;;;;;;;;;;;;;;;;;;;;;;;;;;;;;;;;;;;;;;;;
;;;;;;;;;;;;;;;;;;;;;;;;;;;;;;;;;;;;;;;;;;;;;;;;;;;;;
;;;;;;;;;;;;;;;;;;;;;;;;;;;;;;;;;;;;;;;;;;;;;;;;;;;;;
;;;;;;;;;;;;;;;;;;;;;;;;;;;;;;;;;;;;;;;;;;;;;;;;;;;;;
;;;;;;;;;;;;;;;;;;;;;;;;;;;;;;;;;;;;;;;;;;;;;;;;;;;;;
;;;;;;;;;;;;;;;;;;;;;;;;;;;;;;;;;;;;;;;;;;;;;;;;;;;;;
;;;;;;;;;;;;;;;;;;;;;;;;;;;;;;;;;;;;;;;;;;;;;;;;;;;;;
;;;;;;;;;;;;;;;;;;;;;;;;;;;;;;;;;;;;;;;;;;;;;;;;;;;;;
;;;;;;;;;;;;;;;;;;;;;;;;;;;;;;;;;;;;;;;;;;;;;;;;;;;;;
;;;;;;;;;;;;;;;;;;;;;;;;;;;;;;;;;;;;;;;;;;;;;;;;;;;;;
;;;;;;;;;;;;;;;;;;;;;;;;;;;;;;;;;;;;;;;;;;;;;;;;;;;;;
;;;;;;;;;;;;;;;;;;;;;;;;;;;;;;;;;;;;;;;;;;;;;;;;;;;;;
;;;;;;;;;;;;;;;;;;;;;;;;;;;;;;;;;;;;;;;;;;;;;;;;;;;;;
;;;;;;;;;;;;;;;;;;;;;;;;;;;;;;;;;;;;;;;;;;;;;;;;;;;;;
;;;;;;;;;;;;;;;;;;;;;;;;;;;;;;;;;;;;;;;;;;;;;;;;;;;;;
;;;;;;;;;;;;;;;;;;;;;;;;;;;;;;;;;;;;;;;;;;;;;;;;;;;;;
;;;;;;;;;;;;;;;;;;;;;;;;;;;;;;;;;;;;;;;;;;;;;;;;;;;;;
;;;;;;;;;;;;;;;;;;;;;;;;;;;;;;;;;;;;;;;;;;;;;;;;;;;;;
;;;;;;;;;;;;;;;;;;;;;;;;;;;;;;;;;;;;;;;;;;;;;;;;;;;;;
;;;;;;;;;;;;;;;;;;;;;;;;;;;;;;;;;;;;;;;;;;;;;;;;;;;;;
;;;;;;;;;;;;;;;;;;;;;;;;;;;;;;;;;;;;;;;;;;;;;;;;;;;;;
;;;;;;;;;;;;;;;;;;;;;;;;;;;;;;;;;;;;;;;;;;;;;;;;;;;;;
;;;;;;;;;;;;;;;;;;;;;;;;;;;;;;;;;;;;;;;;;;;;;;;;;;;;;
;;;;;;;;;;;;;;;;;;;;;;;;;;;;;;;;;;;;;;;;;;;;;;;;;;;;;
;;;;;;;;;;;;;;;;;;;;;;;;;;;;;;;;;;;;;;;;;;;;;;;;;;;;;
;;;;;;;;;;;;;;;;;;;;;;;;;;;;;;;;;;;;;;;;;;;;;;;;;;;;;
;;;;;;;;;;;;;;;;;;;;;;;;;;;;;;;;;;;;;;;;;;;;;;;;;;;;;
;;;;;;;;;;;;;;;;;;;;;;;;;;;;;;;;;;;;;;;;;;;;;;;;;;;;;
;;;;;;;;;;;;;;;;;;;;;;;;;;;;;;;;;;;;;;;;;;;;;;;;;;;;;
;;;;;;;;;;;;;;;;;;;;;;;;;;;;;;;;;;;;;;;;;;;;;;;;;;;;;
;;;;;;;;;;;;;;;;;;;;;;;;;;;;;;;;;;;;;;;;;;;;;;;;;;;;;
;;;;;;;;;;;;;;;;;;;;;;;;;;;;;;;;;;;;;;;;;;;;;;;;;;;;;
;;;;;;;;;;;;;;;;;;;;;;;;;;;;;;;;;;;;;;;;;;;;;;;;;;;;;
;;;;;;;;;;;;;;;;;;;;;;;;;;;;;;;;;;;;;;;;;;;;;;;;;;;;;
;;;;;;;;;;;;;;;;;;;;;;;;;;;;;;;;;;;;;;;;;;;;;;;;;;;;;
;;;;;;;;;;;;;;;;;;;;;;;;;;;;;;;;;;;;;;;;;;;;;;;;;;;;;
;;;;;;;;;;;;;;;;;;;;;;;;;;;;;;;;;;;;;;;;;;;;;;;;;;;;;
;;;;;;;;;;;;;;;;;;;;;;;;;;;;;;;;;;;;;;;;;;;;;;;;;;;;;
;;;;;;;;;;;;;;;;;;;;;;;;;;;;;;;;;;;;;;;;;;;;;;;;;;;;;
;;;;;;;;;;;;;;;;;;;;;;;;;;;;;;;;;;;;;;;;;;;;;;;;;;;;;
;;;;;;;;;;;;;;;;;;;;;;;;;;;;;;;;;;;;;;;;;;;;;;;;;;;;;
;;;;;;;;;;;;;;;;;;;;;;;;;;;;;;;;;;;;;;;;;;;;;;;;;;;;;
;;;;;;;;;;;;;;;;;;;;;;;;;;;;;;;;;;;;;;;;;;;;;;;;;;;;;
;;;;;;;;;;;;;;;;;;;;;;;;;;;;;;;;;;;;;;;;;;;;;;;;;;;;;
;;;;;;;;;;;;;;;;;;;;;;;;;;;;;;;;;;;;;;;;;;;;;;;;;;;;;
;;;;;;;;;;;;;;;;;;;;;;;;;;;;;;;;;;;;;;;;;;;;;;;;;;;;;
;;;;;;;;;;;;;;;;;;;;;;;;;;;;;;;;;;;;;;;;;;;;;;;;;;;;;
;;;;;;;;;;;;;;;;;;;;;;;;;;;;;;;;;;;;;;;;;;;;;;;;;;;;;
;;;;;;;;;;;;;;;;;;;;;;;;;;;;;;;;;;;;;;;;;;;;;;;;;;;;;
;;;;;;;;;;;;;;;;;;;;;;;;;;;;;;;;;;;;;;;;;;;;;;;;;;;;;
;;;;;;;;;;;;;;;;;;;;;;;;;;;;;;;;;;;;;;;;;;;;;;;;;;;;;
;;;;;;;;;;;;;;;;;;;;;;;;;;;;;;;;;;;;;;;;;;;;;;;;;;;;;
;;;;;;;;;;;;;;;;;;;;;;;;;;;;;;;;;;;;;;;;;;;;;;;;;;;;;
;;;;;;;;;;;;;;;;;;;;;;;;;;;;;;;;;;;;;;;;;;;;;;;;;;;;;
;;;;;;;;;;;;;;;;;;;;;;;;;;;;;;;;;;;;;;;;;;;;;;;;;;;;;
;;;;;;;;;;;;;;;;;;;;;;;;;;;;;;;;;;;;;;;;;;;;;;;;;;;;;
;;;;;;;;;;;;;;;;;;;;;;;;;;;;;;;;;;;;;;;;;;;;;;;;;;;;;
;;;;;;;;;;;;;;;;;;;;;;;;;;;;;;;;;;;;;;;;;;;;;;;;;;;;;
;;;;;;;;;;;;;;;;;;;;;;;;;;;;;;;;;;;;;;;;;;;;;;;;;;;;;
;;;;;;;;;;;;;;;;;;;;;;;;;;;;;;;;;;;;;;;;;;;;;;;;;;;;;
;;;;;;;;;;;;;;;;;;;;;;;;;;;;;;;;;;;;;;;;;;;;;;;;;;;;;
;;;;;;;;;;;;;;;;;;;;;;;;;;;;;;;;;;;;;;;;;;;;;;;;;;;;;
;;;;;;;;;;;;;;;;;;;;;;;;;;;;;;;;;;;;;;;;;;;;;;;;;;;;;
;;;;;;;;;;;;;;;;;;;;;;;;;;;;;;;;;;;;;;;;;;;;;;;;;;;;;
;;;;;;;;;;;;;;;;;;;;;;;;;;;;;;;;;;;;;;;;;;;;;;;;;;;;;
;;;;;;;;;;;;;;;;;;;;;;;;;;;;;;;;;;;;;;;;;;;;;;;;;;;;;
;;;;;;;;;;;;;;;;;;;;;;;;;;;;;;;;;;;;;;;;;;;;;;;;;;;;;
;;;;;;;;;;;;;;;;;;;;;;;;;;;;;;;;;;;;;;;;;;;;;;;;;;;;;
;;;;;;;;;;;;;;;;;;;;;;;;;;;;;;;;;;;;;;;;;;;;;;;;;;;;;
;;;;;;;;;;;;;;;;;;;;;;;;;;;;;;;;;;;;;;;;;;;;;;;;;;;;;
;;;;;;;;;;;;;;;;;;;;;;;;;;;;;;;;;;;;;;;;;;;;;;;;;;;;;
;;;;;;;;;;;;;;;;;;;;;;;;;;;;;;;;;;;;;;;;;;;;;;;;;;;;;
;;;;;;;;;;;;;;;;;;;;;;;;;;;;;;;;;;;;;;;;;;;;;;;;;;;;;
;;;;;;;;;;;;;;;;;;;;;;;;;;;;;;;;;;;;;;;;;;;;;;;;;;;;;
;;;;;;;;;;;;;;;;;;;;;;;;;;;;;;;;;;;;;;;;;;;;;;;;;;;;;
;;;;;;;;;;;;;;;;;;;;;;;;;;;;;;;;;;;;;;;;;;;;;;;;;;;;;
;;;;;;;;;;;;;;;;;;;;;;;;;;;;;;;;;;;;;;;;;;;;;;;;;;;;;
;;;;;;;;;;;;;;;;;;;;;;;;;;;;;;;;;;;;;;;;;;;;;;;;;;;;;
;;;;;;;;;;;;;;;;;;;;;;;;;;;;;;;;;;;;;;;;;;;;;;;;;;;;;
;;;;;;;;;;;;;;;;;;;;;;;;;;;;;;;;;;;;;;;;;;;;;;;;;;;;;
;;;;;;;;;;;;;;;;;;;;;;;;;;;;;;;;;;;;;;;;;;;;;;;;;;;;;
;;;;;;;;;;;;;;;;;;;;;;;;;;;;;;;;;;;;;;;;;;;;;;;;;;;;;
;;;;;;;;;;;;;;;;;;;;;;;;;;;;;;;;;;;;;;;;;;;;;;;;;;;;;
;;;;;;;;;;;;;;;;;;;;;;;;;;;;;;;;;;;;;;;;;;;;;;;;;;;;;
;;;;;;;;;;;;;;;;;;;;;;;;;;;;;;;;;;;;;;;;;;;;;;;;;;;;;
;;;;;;;;;;;;;;;;;;;;;;;;;;;;;;;;;;;;;;;;;;;;;;;;;;;;;
;;;;;;;;;;;;;;;;;;;;;;;;;;;;;;;;;;;;;;;;;;;;;;;;;;;;;
;;;;;;;;;;;;;;;;;;;;;;;;;;;;;;;;;;;;;;;;;;;;;;;;;;;;;
;;;;;;;;;;;;;;;;;;;;;;;;;;;;;;;;;;;;;;;;;;;;;;;;;;;;;
;;;;;;;;;;;;;;;;;;;;;;;;;;;;;;;;;;;;;;;;;;;;;;;;;;;;;
;;;;;;;;;;;;;;;;;;;;;;;;;;;;;;;;;;;;;;;;;;;;;;;;;;;;;
;;;;;;;;;;;;;;;;;;;;;;;;;;;;;;;;;;;;;;;;;;;;;;;;;;;;;
;;;;;;;;;;;;;;;;;;;;;;;;;;;;;;;;;;;;;;;;;;;;;;;;;;;;;
;;;;;;;;;;;;;;;;;;;;;;;;;;;;;;;;;;;;;;;;;;;;;;;;;;;;;
;;;;;;;;;;;;;;;;;;;;;;;;;;;;;;;;;;;;;;;;;;;;;;;;;;;;;
;;;;;;;;;;;;;;;;;;;;;;;;;;;;;;;;;;;;;;;;;;;;;;;;;;;;;
;;;;;;;;;;;;;;;;;;;;;;;;;;;;;;;;;;;;;;;;;;;;;;;;;;;;;
;;;;;;;;;;;;;;;;;;;;;;;;;;;;;;;;;;;;;;;;;;;;;;;;;;;;;
;;;;;;;;;;;;;;;;;;;;;;;;;;;;;;;;;;;;;;;;;;;;;;;;;;;;;
;;;;;;;;;;;;;;;;;;;;;;;;;;;;;;;;;;;;;;;;;;;;;;;;;;;;;
;;;;;;;;;;;;;;;;;;;;;;;;;;;;;;;;;;;;;;;;;;;;;;;;;;;;;
;;;;;;;;;;;;;;;;;;;;;;;;;;;;;;;;;;;;;;;;;;;;;;;;;;;;;
;;;;;;;;;;;;;;;;;;;;;;;;;;;;;;;;;;;;;;;;;;;;;;;;;;;;;
;;;;;;;;;;;;;;;;;;;;;;;;;;;;;;;;;;;;;;;;;;;;;;;;;;;;;
;;;;;;;;;;;;;;;;;;;;;;;;;;;;;;;;;;;;;;;;;;;;;;;;;;;;;
;;;;;;;;;;;;;;;;;;;;;;;;;;;;;;;;;;;;;;;;;;;;;;;;;;;;;
;;;;;;;;;;;;;;;;;;;;;;;;;;;;;;;;;;;;;;;;;;;;;;;;;;;;;
;;;;;;;;;;;;;;;;;;;;;;;;;;;;;;;;;;;;;;;;;;;;;;;;;;;;;
;;;;;;;;;;;;;;;;;;;;;;;;;;;;;;;;;;;;;;;;;;;;;;;;;;;;;
;;;;;;;;;;;;;;;;;;;;;;;;;;;;;;;;;;;;;;;;;;;;;;;;;;;;;
;;;;;;;;;;;;;;;;;;;;;;;;;;;;;;;;;;;;;;;;;;;;;;;;;;;;;
;;;;;;;;;;;;;;;;;;;;;;;;;;;;;;;;;;;;;;;;;;;;;;;;;;;;;
;;;;;;;;;;;;;;;;;;;;;;;;;;;;;;;;;;;;;;;;;;;;;;;;;;;;;
;;;;;;;;;;;;;;;;;;;;;;;;;;;;;;;;;;;;;;;;;;;;;;;;;;;;;
;;;;;;;;;;;;;;;;;;;;;;;;;;;;;;;;;;;;;;;;;;;;;;;;;;;;;
;;;;;;;;;;;;;;;;;;;;;;;;;;;;;;;;;;;;;;;;;;;;;;;;;;;;;
;;;;;;;;;;;;;;;;;;;;;;;;;;;;;;;;;;;;;;;;;;;;;;;;;;;;;
;;;;;;;;;;;;;;;;;;;;;;;;;;;;;;;;;;;;;;;;;;;;;;;;;;;;;
;;;;;;;;;;;;;;;;;;;;;;;;;;;;;;;;;;;;;;;;;;;;;;;;;;;;;
;;;;;;;;;;;;;;;;;;;;;;;;;;;;;;;;;;;;;;;;;;;;;;;;;;;;;
;;;;;;;;;;;;;;;;;;;;;;;;;;;;;;;;;;;;;;;;;;;;;;;;;;;;;
;;;;;;;;;;;;;;;;;;;;;;;;;;;;;;;;;;;;;;;;;;;;;;;;;;;;;
;;;;;;;;;;;;;;;;;;;;;;;;;;;;;;;;;;;;;;;;;;;;;;;;;;;;;
;;;;;;;;;;;;;;;;;;;;;;;;;;;;;;;;;;;;;;;;;;;;;;;;;;;;;
;;;;;;;;;;;;;;;;;;;;;;;;;;;;;;;;;;;;;;;;;;;;;;;;;;;;;
;;;;;;;;;;;;;;;;;;;;;;;;;;;;;;;;;;;;;;;;;;;;;;;;;;;;;
;;;;;;;;;;;;;;;;;;;;;;;;;;;;;;;;;;;;;;;;;;;;;;;;;;;;;
;;;;;;;;;;;;;;;;;;;;;;;;;;;;;;;;;;;;;;;;;;;;;;;;;;;;;
;;;;;;;;;;;;;;;;;;;;;;;;;;;;;;;;;;;;;;;;;;;;;;;;;;;;;
;;;;;;;;;;;;;;;;;;;;;;;;;;;;;;;;;;;;;;;;;;;;;;;;;;;;;
;;;;;;;;;;;;;;;;;;;;;;;;;;;;;;;;;;;;;;;;;;;;;;;;;;;;;
;;;;;;;;;;;;;;;;;;;;;;;;;;;;;;;;;;;;;;;;;;;;;;;;;;;;;
;;;;;;;;;;;;;;;;;;;;;;;;;;;;;;;;;;;;;;;;;;;;;;;;;;;;;
;;;;;;;;;;;;;;;;;;;;;;;;;;;;;;;;;;;;;;;;;;;;;;;;;;;;;
;;;;;;;;;;;;;;;;;;;;;;;;;;;;;;;;;;;;;;;;;;;;;;;;;;;;;
;;;;;;;;;;;;;;;;;;;;;;;;;;;;;;;;;;;;;;;;;;;;;;;;;;;;;
;;;;;;;;;;;;;;;;;;;;;;;;;;;;;;;;;;;;;;;;;;;;;;;;;;;;;
;;;;;;;;;;;;;;;;;;;;;;;;;;;;;;;;;;;;;;;;;;;;;;;;;;;;;
;;;;;;;;;;;;;;;;;;;;;;;;;;;;;;;;;;;;;;;;;;;;;;;;;;;;;
;;;;;;;;;;;;;;;;;;;;;;;;;;;;;;;;;;;;;;;;;;;;;;;;;;;;;
;;;;;;;;;;;;;;;;;;;;;;;;;;;;;;;;;;;;;;;;;;;;;;;;;;;;;
;;;;;;;;;;;;;;;;;;;;;;;;;;;;;;;;;;;;;;;;;;;;;;;;;;;;;
;;;;;;;;;;;;;;;;;;;;;;;;;;;;;;;;;;;;;;;;;;;;;;;;;;;;;
;;;;;;;;;;;;;;;;;;;;;;;;;;;;;;;;;;;;;;;;;;;;;;;;;;;;;
;;;;;;;;;;;;;;;;;;;;;;;;;;;;;;;;;;;;;;;;;;;;;;;;;;;;;
;;;;;;;;;;;;;;;;;;;;;;;;;;;;;;;;;;;;;;;;;;;;;;;;;;;;;
;;;;;;;;;;;;;;;;;;;;;;;;;;;;;;;;;;;;;;;;;;;;;;;;;;;;;
;;;;;;;;;;;;;;;;;;;;;;;;;;;;;;;;;;;;;;;;;;;;;;;;;;;;;
;;;;;;;;;;;;;;;;;;;;;;;;;;;;;;;;;;;;;;;;;;;;;;;;;;;;;
;;;;;;;;;;;;;;;;;;;;;;;;;;;;;;;;;;;;;;;;;;;;;;;;;;;;;
;;;;;;;;;;;;;;;;;;;;;;;;;;;;;;;;;;;;;;;;;;;;;;;;;;;;;
;;;;;;;;;;;;;;;;;;;;;;;;;;;;;;;;;;;;;;;;;;;;;;;;;;;;;
;;;;;;;;;;;;;;;;;;;;;;;;;;;;;;;;;;;;;;;;;;;;;;;;;;;;;
;;;;;;;;;;;;;;;;;;;;;;;;;;;;;;;;;;;;;;;;;;;;;;;;;;;;;
;;;;;;;;;;;;;;;;;;;;;;;;;;;;;;;;;;;;;;;;;;;;;;;;;;;;;
;;;;;;;;;;;;;;;;;;;;;;;;;;;;;;;;;;;;;;;;;;;;;;;;;;;;;
;;;;;;;;;;;;;;;;;;;;;;;;;;;;;;;;;;;;;;;;;;;;;;;;;;;;;
;;;;;;;;;;;;;;;;;;;;;;;;;;;;;;;;;;;;;;;;;;;;;;;;;;;;;
;;;;;;;;;;;;;;;;;;;;;;;;;;;;;;;;;;;;;;;;;;;;;;;;;;;;;
;;;;;;;;;;;;;;;;;;;;;;;;;;;;;;;;;;;;;;;;;;;;;;;;;;;;;
;;;;;;;;;;;;;;;;;;;;;;;;;;;;;;;;;;;;;;;;;;;;;;;;;;;;;
;;;;;;;;;;;;;;;;;;;;;;;;;;;;;;;;;;;;;;;;;;;;;;;;;;;;;
;;;;;;;;;;;;;;;;;;;;;;;;;;;;;;;;;;;;;;;;;;;;;;;;;;;;;
;;;;;;;;;;;;;;;;;;;;;;;;;;;;;;;;;;;;;;;;;;;;;;;;;;;;;
;;;;;;;;;;;;;;;;;;;;;;;;;;;;;;;;;;;;;;;;;;;;;;;;;;;;;
;;;;;;;;;;;;;;;;;;;;;;;;;;;;;;;;;;;;;;;;;;;;;;;;;;;;;
;;;;;;;;;;;;;;;;;;;;;;;;;;;;;;;;;;;;;;;;;;;;;;;;;;;;;
;;;;;;;;;;;;;;;;;;;;;;;;;;;;;;;;;;;;;;;;;;;;;;;;;;;;;
;;;;;;;;;;;;;;;;;;;;;;;;;;;;;;;;;;;;;;;;;;;;;;;;;;;;;
;;;;;;;;;;;;;;;;;;;;;;;;;;;;;;;;;;;;;;;;;;;;;;;;;;;;;
;;;;;;;;;;;;;;;;;;;;;;;;;;;;;;;;;;;;;;;;;;;;;;;;;;;;;
;;;;;;;;;;;;;;;;;;;;;;;;;;;;;;;;;;;;;;;;;;;;;;;;;;;;;
;;;;;;;;;;;;;;;;;;;;;;;;;;;;;;;;;;;;;;;;;;;;;;;;;;;;;
;;;;;;;;;;;;;;;;;;;;;;;;;;;;;;;;;;;;;;;;;;;;;;;;;;;;;
;;;;;;;;;;;;;;;;;;;;;;;;;;;;;;;;;;;;;;;;;;;;;;;;;;;;;
;;;;;;;;;;;;;;;;;;;;;;;;;;;;;;;;;;;;;;;;;;;;;;;;;;;;;
;;;;;;;;;;;;;;;;;;;;;;;;;;;;;;;;;;;;;;;;;;;;;;;;;;;;;
;;;;;;;;;;;;;;;;;;;;;;;;;;;;;;;;;;;;;;;;;;;;;;;;;;;;;
;;;;;;;;;;;;;;;;;;;;;;;;;;;;;;;;;;;;;;;;;;;;;;;;;;;;;
;;;;;;;;;;;;;;;;;;;;;;;;;;;;;;;;;;;;;;;;;;;;;;;;;;;;;
;;;;;;;;;;;;;;;;;;;;;;;;;;;;;;;;;;;;;;;;;;;;;;;;;;;;;
;;;;;;;;;;;;;;;;;;;;;;;;;;;;;;;;;;;;;;;;;;;;;;;;;;;;;
;;;;;;;;;;;;;;;;;;;;;;;;;;;;;;;;;;;;;;;;;;;;;;;;;;;;;
;;;;;;;;;;;;;;;;;;;;;;;;;;;;;;;;;;;;;;;;;;;;;;;;;;;;;
;;;;;;;;;;;;;;;;;;;;;;;;;;;;;;;;;;;;;;;;;;;;;;;;;;;;;
;;;;;;;;;;;;;;;;;;;;;;;;;;;;;;;;;;;;;;;;;;;;;;;;;;;;;
;;;;;;;;;;;;;;;;;;;;;;;;;;;;;;;;;;;;;;;;;;;;;;;;;;;;;
;;;;;;;;;;;;;;;;;;;;;;;;;;;;;;;;;;;;;;;;;;;;;;;;;;;;;
;;;;;;;;;;;;;;;;;;;;;;;;;;;;;;;;;;;;;;;;;;;;;;;;;;;;;
;;;;;;;;;;;;;;;;;;;;;;;;;;;;;;;;;;;;;;;;;;;;;;;;;;;;;
;;;;;;;;;;;;;;;;;;;;;;;;;;;;;;;;;;;;;;;;;;;;;;;;;;;;;
;;;;;;;;;;;;;;;;;;;;;;;;;;;;;;;;;;;;;;;;;;;;;;;;;;;;;
;;;;;;;;;;;;;;;;;;;;;;;;;;;;;;;;;;;;;;;;;;;;;;;;;;;;;
;;;;;;;;;;;;;;;;;;;;;;;;;;;;;;;;;;;;;;;;;;;;;;;;;;;;;
;;;;;;;;;;;;;;;;;;;;;;;;;;;;;;;;;;;;;;;;;;;;;;;;;;;;;
;;;;;;;;;;;;;;;;;;;;;;;;;;;;;;;;;;;;;;;;;;;;;;;;;;;;;
;;;;;;;;;;;;;;;;;;;;;;;;;;;;;;;;;;;;;;;;;;;;;;;;;;;;;
;;;;;;;;;;;;;;;;;;;;;;;;;;;;;;;;;;;;;;;;;;;;;;;;;;;;;
;;;;;;;;;;;;;;;;;;;;;;;;;;;;;;;;;;;;;;;;;;;;;;;;;;;;;
;;;;;;;;;;;;;;;;;;;;;;;;;;;;;;;;;;;;;;;;;;;;;;;;;;;;;
