key,demand,input_of_electricity,input_of_network_gas,input_of_coal,input_of_crude_oil,input_of_wood_pellets,input_of_steam_hot_water,input_of_coal_gas,input_of_useable_heat,input_of_hydrogen,input_of_diesel,input_of_biodiesel,input_of_gasoline,input_of_bio_ethanol,input_of_cokes,output_of_useable_heat
agriculture_useful_demand_electricity,40964534067,40964534067,0,0,0,0,0,0,0,0,0,0,0,0,0,0
agriculture_useful_demand_useable_heat,96051780693,0,0,0,0,0,0,0,96051780693,0,0,0,0,0,0,0
agriculture_geothermal,5805831919,241909663.3,0,0,0,0,0,0,0,0,0,0,0,0,0,5805831919
agriculture_burner_wood_pellets,5331872700,0,0,0,0,5331872700,0,0,0,0,0,0,0,0,0,4056620672
agriculture_final_demand_steam_hot_water,53865198593,0,0,0,0,0,53865198593,0,0,0,0,0,0,0,0,53865198593
agriculture_burner_hydrogen,0,0,0,0,0,0,0,0,0,0,0,0,0,0,0,0
agriculture_final_demand_hydrogen,0,0,0,0,0,0,0,0,0,0,0,0,0,0,0,0
agriculture_burner_network_gas,35343243163,0,35343243163,0,0,0,0,0,0,0,0,0,0,0,0,31808918847
agriculture_final_demand_wood_pellets,5331872700,0,0,0,0,5331872700,0,0,0,0,0,0,0,0,0,0
agriculture_heatpump_water_water_ts_electricity,0,0,0,0,0,0,0,0,0,0,0,0,0,0,0,0
agriculture_final_demand_electricity,41206443730,41206443730,0,0,0,0,0,0,0,0,0,0,0,0,0,0
agriculture_burner_crude_oil,653273650.5,0,0,0,653273650.5,0,0,0,0,0,0,0,0,0,0,515210662.5
agriculture_final_demand_network_gas,35343243163,0,35343243163,0,0,0,0,0,0,0,0,0,0,0,0,0
agriculture_final_demand_crude_oil,653273650.5,0,0,0,653273650.5,0,0,0,0,0,0,0,0,0,0,0
agriculture_final_demand_lpg,22614586.59,0,0,0,0,0,0,0,0,0,0,0,0,0,0,0
agriculture_final_demand_other_bio_oil,0,0,0,0,0,0,0,0,0,0,0,0,0,0,0,0
agriculture_final_demand_kerosene,0,0,0,0,0,0,0,0,0,0,0,0,0,0,0,0
agriculture_final_demand_biodiesel,349911899.4,0,0,0,0,0,0,0,0,0,0,349911899.4,0,0,0,0
agriculture_final_demand_diesel,280747164.6,0,0,0,0,0,0,0,0,0,280747164.6,0,0,0,0,0
agriculture_final_demand_other_oil,0,0,0,0,0,0,0,0,0,0,0,0,0,0,0,0
agriculture_final_demand_bio_kerosene,0,0,0,0,0,0,0,0,0,0,0,0,0,0,0,0
households_semi_detached_houses_useful_demand_for_space_heating,31834485442,0,0,0,0,0,0,0,31834485442,0,0,0,0,0,0,0
households_final_demand_for_cooling_network_gas,0,0,0,0,0,0,0,0,0,0,0,0,0,0,0,0
households_appliances_vacuum_cleaner_electricity,4.10E+09,4101417533,0.00E+00,0,0,0,0,0,0,0,0,0,0,0,0,0
households_corner_houses_useful_demand_for_space_heating,3.99E+10,0,0.00E+00,0,0,0,0,0,39897166258,0,0,0,0,0,0,0
households_useful_demand_cooking_useable_heat,4065515840,0,0,0,0,0,0,0,4065515840,0,0,0,0,0,0,0
households_cooker_induction_electricity,544122374.4,544122374.4,0,0,0,0,0,0,0,0,0,0,0,0,0,462504018.2
households_cooker_network_gas,5538749417,0,5538749417,0,0,0,0,0,0,0,0,0,0,0,0,2215499767
households_apartments_useful_demand_for_space_heating,63201345674,0,0,0,0,0,0,0,63201345674,0,0,0,0,0,0,0
households_useful_demand_hot_water,42820464058,0,0,0,0,0,0,0,42820464058,0,0,0,0,0,0,0
households_apartments_useful_demand_for_space_heating_after_insulation,63201345674,0,0,0,0,0,0,0,63201345674,0,0,0,0,0,0,63201345674
households_useful_demand_for_hot_water_for_houses_with_solar_heater,1932040728,0,0,0,0,0,0,0,1932040728,0,0,0,0,0,0,1932040728
households_water_heater_solar_thermal,966020364,0,0,0,0,0,0,0,0,0,0,0,0,0,0,966020364
households_final_demand_for_hot_water_solar_thermal,966020364,0,0,0,0,0,0,0,0,0,0,0,0,0,0,0
households_corner_houses_useful_demand_for_space_heating_after_insulation,39897166258,0,0,0,0,0,0,0,39897166258,0,0,0,0,0,0,39897166258
households_detached_houses_useful_demand_for_space_heating,61992807794,0,0,0,0,0,0,0,61992807794,0,0,0,0,0,0,0
households_appliances_washing_machine_electricity,5126771916,5126771916,0,0,0,0,0,0,0,0,0,0,0,0,0,0
households_useful_demand_light,851299431,0,0,0,0,0,0,0,0,0,0,0,0,0,0,0
households_lighting_efficient_fluorescent_electricity,1651520896,1651520896,0,0,0,0,0,0,0,0,0,0,0,0,0,0
households_lighting_incandescent_electricity,6968493914,6968493914,0,0,0,0,0,0,0,0,0,0,0,0,0,0
households_lighting_led_electricity,179989022.5,179989022.5,0,0,0,0,0,0,0,0,0,0,0,0,0,0
households_appliances_clothes_dryer_electricity,6152126299,6152126299,0,0,0,0,0,0,0,0,0,0,0,0,0,0
households_cooker_halogen_electricity,2055573414,2055573414,0,0,0,0,0,0,0,0,0,0,0,0,0,1233344049
households_final_demand_solar_thermal,966020364,0,0,0,0,0,0,0,0,0,0,0,0,0,0,0
households_useful_demand_for_cooling,4818123705,0,0,0,0,0,0,0,0,0,0,0,0,0,0,0
households_cooling_airconditioning_electricity,2534243246,633560811.6,0,0,0,0,0,0,0,0,0,0,0,0,0,0
households_cooling_heatpump_ground_water_electricity,1029681698,54193773.6,0,0,0,0,0,0,0,0,0,0,0,0,0,0
households_appliances_fridge_freezer_electricity,18456378898,18456378898,0,0,0,0,0,0,0,0,0,0,0,0,0,0
households_appliances_dishwasher_electricity,5126771916,5126771916,0,0,0,0,0,0,0,0,0,0,0,0,0,0
households_final_demand_for_cooking_network_gas,5538749417,0,5538749417,0,0,0,0,0,0,0,0,0,0,0,0,0
households_flexibility_p2p_electricity,0,0,0,0,0,0,0,0,0,0,0,0,0,0,0,0
households_final_demand_for_lighting_electricity,8800003832,8800003832,0,0,0,0,0,0,0,0,0,0,0,0,0,0
households_semi_detached_houses_useful_demand_for_space_heating_after_insulation,31834485442,0,0,0,0,0,0,0,31834485442,0,0,0,0,0,0,31834485442
households_cooker_wood_pellets,0,0,0,0,0,0,0,0,0,0,0,0,0,0,0,0
households_final_demand_for_cooking_wood_pellets,0,0,0,0,0,0,0,0,0,0,0,0,0,0,0,0
households_useful_demand_for_hot_water_after_solar_heater,41854443694,0,0,0,0,0,0,0,41854443694,0,0,0,0,0,0,41854443694
households_water_heater_network_gas_aggregator,984146534.6,0,0,0,0,0,0,0,984146534.6,0,0,0,0,0,0,984146534.6
households_water_heater_hybrid_heatpump_air_water_electricity_aggregator,61052401.93,0,0,0,0,0,0,0,61052401.93,0,0,0,0,0,0,61052401.93
households_water_heater_resistive_electricity_aggregator,2290679380,0,0,0,0,0,0,0,2290679380,0,0,0,0,0,0,2290679380
households_water_heater_heatpump_air_water_electricity_aggregator,797314879,0,0,0,0,0,0,0,797314879,0,0,0,0,0,0,797314879
households_water_heater_wood_pellets_aggregator,0,0,0,0,0,0,0,0,0,0,0,0,0,0,0,0
households_water_heater_heatpump_air_water_electricity,797314879,265771626.3,0,0,0,0,0,0,0,0,0,0,0,0,0,797314879
households_water_heater_hybrid_hydrogen_heatpump_air_water_electricity_aggregator,0,0,0,0,0,0,0,0,0,0,0,0,0,0,0,0
households_water_heater_network_gas,1468875425,0,1468875425,0,0,0,0,0,0,0,0,0,0,0,0,984146534.6
households_water_heater_combined_network_gas_aggregator,35597253959,0,0,0,0,0,0,0,35597253959,0,0,0,0,0,0,35597253959
households_water_heater_heatpump_ground_water_electricity_aggregator,250729387.5,0,0,0,0,0,0,0,250729387.5,0,0,0,0,0,0,250729387.5
households_water_heater_coal_aggregator,0,0,0,0,0,0,0,0,0,0,0,0,0,0,0,0
households_water_heater_coal,0,0,0,0,0,0,0,0,0,0,0,0,0,0,0,0
households_final_demand_for_hot_water_coal,0,0,0,0,0,0,0,0,0,0,0,0,0,0,0,0
households_water_heater_district_heating_steam_hot_water_aggregator,1873267152,0,0,0,0,0,0,0,1873267152,0,0,0,0,0,0,1873267152
households_water_heater_district_heating_steam_hot_water,1873267152,0,0,0,0,0,1873267152,0,0,0,0,0,0,0,0,1873267152
households_water_heater_heatpump_ground_water_electricity,250729387.5,83576462.49,0,0,0,0,0,0,0,0,0,0,0,0,0,250729387.5
households_water_heater_combined_network_gas,39552504399,0,39552504399,0,0,0,0,0,0,0,0,0,0,0,0,35597253959
households_water_heater_crude_oil_aggregator,0,0,0,0,0,0,0,0,0,0,0,0,0,0,0,0
households_water_heater_crude_oil,0,0,0,0,0,0,0,0,0,0,0,0,0,0,0,0
households_final_demand_for_hot_water_crude_oil,0,0,0,0,0,0,0,0,0,0,0,0,0,0,0,0
households_water_heater_hybrid_hydrogen_heatpump_air_water_electricity,0,0,0,0,0,0,0,0,0,0,0,0,0,0,0,0
households_water_heater_wood_pellets,0,0,0,0,0,0,0,0,0,0,0,0,0,0,0,0
households_water_heater_hybrid_heatpump_air_water_electricity,62764150.82,11411665.47,17117488.95,0,0,0,0,0,0,0,0,0,0,0,0,61052401.93
households_final_demand_for_hot_water_network_gas,41038497312,0,41038497312,0,0,0,0,0,0,0,0,0,0,0,0,0
households_detached_houses_useful_demand_for_space_heating_after_insulation,61992807794,0,0,0,0,0,0,0,61992807794,0,0,0,0,0,0,61992807794
households_cooker_resistive_electricity,280305465.6,280305465.6,0,0,0,0,0,0,0,0,0,0,0,0,0,154168006.1
households_final_demand_for_cooking_electricity,2880001254,2880001254,0,0,0,0,0,0,0,0,0,0,0,0,0,0
households_final_demand_for_hot_water_steam_hot_water,1873267152,0,0,0,0,0,1873267152,0,0,0,0,0,0,0,0,0
households_appliances_computer_media_electricity,8202835066,8202835066,0,0,0,0,0,0,0,0,0,0,0,0,0,0
households_water_heater_combined_hydrogen_aggregator,0,0,0,0,0,0,0,0,0,0,0,0,0,0,0,0
households_water_heater_deficit,0,0,0,0,0,0,0,0,0,0,0,0,0,0,0,0
households_water_heater_combined_hydrogen,0,0,0,0,0,0,0,0,0,0,0,0,0,0,0,0
households_terraced_houses_useful_demand_for_space_heating,77235240709,0,0,0,0,0,0,0,77235240709,0,0,0,0,0,0,0
households_terraced_houses_useful_demand_for_space_heating_after_insulation,77235240709,0,0,0,0,0,0,0,77235240709,0,0,0,0,0,0,77235240709
households_useful_demand_for_space_heating_after_insulation,2.74161E+11,0,0,0,0,0,0,0,2.74161E+11,0,0,0,0,0,0,2.74161E+11
households_space_heater_heatpump_air_water_electricity_aggregator,6580560057,0,0,0,0,0,0,0,6580560057,0,0,0,0,0,0,6580560057
households_space_heater_hybrid_hydrogen_heatpump_air_water_electricity_aggregator,0,0,0,0,0,0,0,0,0,0,0,0,0,0,0,0
households_space_heater_district_heating_steam_hot_water_aggregator,10207786118,0,0,0,0,0,0,0,10207786118,0,0,0,0,0,0,10207786118
households_space_heater_heatpump_ground_water_electricity_aggregator,2186034775,0,0,0,0,0,0,0,2186034775,0,0,0,0,0,0,2186034775
households_space_heater_heatpump_ground_water_electricity,2186034775,455423911.6,0,0,0,0,0,0,0,0,0,0,0,0,0,2186034775
households_space_heater_electricity_aggregator,4141876972,0,0,0,0,0,0,0,4141876972,0,0,0,0,0,0,4141876972
households_space_heater_electricity,4141876972,4141876972,0,0,0,0,0,0,0,0,0,0,0,0,0,4141876972
households_space_heater_coal_aggregator,37513728,0,0,0,0,0,0,0,37513728,0,0,0,0,0,0,37513728
households_space_heater_coal,46892160,0,0,46892160,0,0,0,0,0,0,0,0,0,0,0,37513728
households_space_heater_heatpump_air_water_electricity,6580560057,1462346679,0,0,0,0,0,0,0,0,0,0,0,0,0,6580560057
households_final_demand_for_space_heating_coal,46892160,0,0,46892160,0,0,0,0,0,0,0,0,0,0,0,0
households_final_demand_coal,46892160,0,0,46892160,0,0,0,0,0,0,0,0,0,0,0,0
households_space_heater_combined_hydrogen_aggregator,0,0,0,0,0,0,0,0,0,0,0,0,0,0,0,0
households_space_heater_hybrid_heatpump_air_water_electricity_aggregator,458245516.5,0,0,0,0,0,0,0,458245516.5,0,0,0,0,0,0,458245516.5
households_space_heater_hybrid_heatpump_air_water_electricity,453208535.9,69318485.37,71956866.32,0,0,0,0,0,0,0,0,0,0,0,0,458245516.5
households_space_heater_combined_hydrogen,0,0,0,0,0,0,0,0,0,0,0,0,0,0,0,0
households_space_heater_crude_oil_aggregator,379972178.8,0,0,0,0,0,0,0,379972178.8,0,0,0,0,0,0,379972178.8
households_space_heater_crude_oil,447026092.7,0,0,0,447026092.7,0,0,0,0,0,0,0,0,0,0,379972178.8
households_final_demand_for_space_heating_crude_oil,447026092.7,0,0,0,447026092.7,0,0,0,0,0,0,0,0,0,0,0
households_final_demand_crude_oil,447026092.7,0,0,0,0,0,0,0,0,0,90059022.53,0,0,0,0,0
households_final_demand_kerosene,69528586.76,0,0,0,0,0,0,0,0,0,0,0,0,0,0,0
households_final_demand_biodiesel,0,0,0,0,0,0,0,0,0,0,0,0,0,0,0,0
households_final_demand_bio_kerosene,0,0,0,0,0,0,0,0,0,0,0,0,0,0,0,0
households_final_demand_other_bio_oil,0,0,0,0,0,0,0,0,0,0,0,0,0,0,0,0
households_final_demand_diesel,90059022.53,0,0,0,0,0,0,0,0,0,90059022.53,0,0,0,0,0
households_space_heating_savings_from_insulation,0,0,0,0,0,0,0,0,0,0,0,0,0,0,0,0
households_final_demand_lpg,287438483.4,0,0,0,0,0,0,0,0,0,0,0,0,0,0,0
households_space_heater_combined_network_gas_aggregator,2.30639E+11,0,0,0,0,0,0,0,2.30639E+11,0,0,0,0,0,0,2.30639E+11
households_space_heater_combined_network_gas,2.1555E+11,0,2.1555E+11,0,0,0,0,0,0,0,0,0,0,0,0,2.30639E+11
households_space_heater_hybrid_hydrogen_heatpump_air_water_electricity,0,0,0,0,0,0,0,0,0,0,0,0,0,0,0,0
households_final_demand_for_space_heating_hydrogen,0,0,0,0,0,0,0,0,0,0,0,0,0,0,0,0
households_final_demand_for_space_heating_electricity,6128966048,6128966048,0,0,0,0,0,0,0,0,0,0,0,0,0,0
households_final_demand_other_oil,0,0,0,0,0,0,0,0,0,0,0,0,0,0,0,0
households_space_heater_district_heating_steam_hot_water,10207786118,0,0,0,0,0,10207786118,0,0,0,0,0,0,0,0,10207786118
households_final_demand_for_space_heating_steam_hot_water,10207786118,0,0,0,0,0,10207786118,0,0,0,0,0,0,0,0,0
households_final_demand_steam_hot_water,12081053270,0,0,0,0,0,12081053270,0,0,0,0,0,0,0,0,0
households_appliances_other_electricity,7177480683,7177480683,0,0,0,0,0,0,0,0,0,0,0,0,0,0
households_cooling_heatpump_air_water_electricity,1254198760,278710835.7,0,0,0,0,0,0,0,0,0,0,0,0,0,0
households_final_demand_for_cooling_electricity,966465420.9,966465420.9,0,0,0,0,0,0,0,0,0,0,0,0,0,0
households_space_heater_network_gas_aggregator,6403343445,0,0,0,0,0,0,0,6403343445,0,0,0,0,0,0,6403343445
households_space_heater_network_gas,8004179306,0,8004179306,0,0,0,0,0,0,0,0,0,0,0,0,6403343445
households_final_demand_for_space_heating_network_gas,2.23626E+11,0,2.23626E+11,0,0,0,0,0,0,0,0,0,0,0,0,0
households_final_demand_network_gas,2.70204E+11,0,2.70204E+11,0,0,0,0,0,0,0,0,0,0,0,0,0
households_final_demand_for_hot_water_hydrogen,0,0,0,0,0,0,0,0,0,0,0,0,0,0,0,0
households_final_demand_hydrogen,0,0,0,0,0,0,0,0,0,0,0,0,0,0,0,0
households_water_heater_resistive_electricity,2411241453,2411241453,0,0,0,0,0,0,0,0,0,0,0,0,0,2290679380
households_final_demand_for_hot_water_electricity,2772001207,2772001207,0,0,0,0,0,0,0,0,0,0,0,0,0,0
households_appliances_television_electricity,8202835066,8202835066,0,0,0,0,0,0,0,0,0,0,0,0,0,0
households_final_demand_for_appliances_electricity,62546617378,62546617378,0,0,0,0,0,0,0,0,0,0,0,0,0,0
households_final_demand_electricity,84094055140,84094055140,0,0,0,0,0,0,0,0,0,0,0,0,0,0
households_locally_available_electricity,84094055140,84094055140,0,0,0,0,0,0,0,0,0,0,0,0,0,0
households_solar_pv_solar_radiation,52315796735,0,0,0,0,0,0,0,0,0,0,0,0,0,0,0
households_space_heater_wood_pellets_aggregator,13126851428,0,0,0,0,0,0,0,13126851428,0,0,0,0,0,0,13126851428
households_space_heater_wood_pellets,16008355400,0,0,0,0,16008355400,0,0,0,0,0,0,0,0,0,13126851428
households_final_demand_for_space_heating_wood_pellets,16008355400,0,0,0,0,16008355400,0,0,0,0,0,0,0,0,0,0
households_final_demand_for_hot_water_wood_pellets,0,0,0,0,0,0,0,0,0,0,0,0,0,0,0,0
households_final_demand_wood_pellets,16008355400,0,0,0,0,16008355400,0,0,0,0,0,0,0,0,0,0
households_space_heater_deficit,0,0,0,0,0,0,0,0,0,0,0,0,0,0,0,0
buildings_useful_demand_for_appliances,65812621090,0,0,0,0,0,0,0,0,0,0,0,0,0,0,0
buildings_appliances_coal,126148284,0,0,126148284,0,0,0,0,0,0,0,0,0,0,0,0
buildings_appliances_wood_pellets,0,0,0,0,0,0,0,0,0,0,0,0,0,0,0,0
buildings_final_demand_for_appliances_wood_pellets,0,0,0,0,0,0,0,0,0,0,0,0,0,0,0,0
buildings_useful_demand_for_space_heating,1.57078E+11,0,0,0,0,0,0,0,1.57078E+11,0,0,0,0,0,0,0
buildings_appliances_electricity,61750974989,61750974989,0,0,0,0,0,0,0,0,0,0,0,0,0,0
buildings_final_demand_for_appliances_electricity,61750974989,61750974989,0,0,0,0,0,0,0,0,0,0,0,0,0,0
buildings_useful_demand_light,7816222952,0,0,0,0,0,0,0,0,0,0,0,0,0,0,0
buildings_lighting_savings_from_motion_detection_light,304832695.1,0,0,0,0,0,0,0,0,0,0,0,0,0,0,0
buildings_useful_demand_after_motion_detection_light,7511390257,0,0,0,0,0,0,0,0,0,0,0,0,0,0,0
buildings_lighting_savings_from_daylight_control_light,398103683.6,0,0,0,0,0,0,0,0,0,0,0,0,0,0,0
buildings_useful_demand_after_motion_detection_daylight_control_light,7113286573,0,0,0,0,0,0,0,0,0,0,0,0,0,0,0
buildings_lighting_led_electricity,1336846239,1336846239,0,0,0,0,0,0,0,0,0,0,0,0,0,0
buildings_lighting_standard_fluorescent_electricity,40023124658,40023124658,0,0,0,0,0,0,0,0,0,0,0,0,0,0
buildings_lighting_efficient_fluorescent_electricity,540029103.1,540029103.1,0,0,0,0,0,0,0,0,0,0,0,0,0,0
buildings_appliances_network_gas,502385.3917,0,502385.3917,0,0,0,0,0,0,0,0,0,0,0,0,0
buildings_final_demand_for_appliances_coal,126148284,0,0,126148284,0,0,0,0,0,0,0,0,0,0,0,0
buildings_final_demand_for_lighting_electricity,41900000000,41900000000,0,0,0,0,0,0,0,0,0,0,0,0,0,0
buildings_useful_demand_cooling,63496093540,0,0,0,0,0,0,0,0,0,0,0,0,0,0,0
buildings_useful_demand_after_insulation_cooling,63496093540,0,0,0,0,0,0,0,0,0,0,0,0,0,0,0
buildings_cooling_heatpump_air_water_electricity,0,0,0,0,0,0,0,0,0,0,0,0,0,0,0,0
buildings_cooling_collective_heatpump_water_water_ts_electricity,5941294423,311300220.8,0,0,0,0,0,0,0,0,0,0,0,0,0,0
buildings_useful_demand_for_space_heating_after_insulation,1.57078E+11,0,0,0,0,0,0,0,1.57078E+11,0,0,0,0,0,0,1.57078E+11
buildings_space_heater_solar_thermal,240992208,0,0,0,0,0,0,0,0,0,0,0,0,0,0,240992208
buildings_final_demand_solar_thermal,240992208,0,0,0,0,0,0,0,0,0,0,0,0,0,0,0
buildings_useful_demand_for_space_heating_after_insulation_and_solar_thermal,1.56837E+11,0,0,0,0,0,0,0,1.56837E+11,0,0,0,0,0,0,1.56837E+11
buildings_space_heater_crude_oil_aggregator,0,0,0,0,0,0,0,0,0,0,0,0,0,0,0,0
buildings_space_heater_heatpump_air_water_network_gas_aggregator,0,0,0,0,0,0,0,0,0,0,0,0,0,0,0,0
buildings_space_heater_network_gas_aggregator,1.29424E+11,0,0,0,0,0,0,0,1.29424E+11,0,0,0,0,0,0,1.29424E+11
buildings_space_heater_network_gas,1.21297E+11,0,1.21297E+11,0,0,0,0,0,0,0,0,0,0,0,0,1.29424E+11
buildings_space_heater_heatpump_air_water_network_gas,0,0,0,0,0,0,0,0,0,0,0,0,0,0,0,0
buildings_space_heater_combined_hydrogen_aggregator,0,0,0,0,0,0,0,0,0,0,0,0,0,0,0,0
buildings_space_heater_crude_oil,0,0,0,0,0,0,0,0,0,0,0,0,0,0,0,0
buildings_final_demand_for_space_heating_crude_oil,0,0,0,0,0,0,0,0,0,0,0,0,0,0,0,0
buildings_final_demand_for_space_heating_network_gas,1.21297E+11,0,1.21297E+11,0,0,0,0,0,0,0,0,0,0,0,0,0
buildings_space_heater_collective_heatpump_water_water_ts_electricity_aggregator,14294217201,0,0,0,0,0,0,0,14294217201,0,0,0,0,0,0,14294217201
buildings_space_heater_collective_heatpump_water_water_ts_electricity,14294217201,3801653511,0,0,0,0,0,0,0,0,0,0,0,0,0,14294217201
buildings_space_heater_coal_aggregator,0,0,0,0,0,0,0,0,0,0,0,0,0,0,0,0
buildings_space_heater_electricity_aggregator,0,0,0,0,0,0,0,0,0,0,0,0,0,0,0,0
buildings_space_heater_electricity,0,0,0,0,0,0,0,0,0,0,0,0,0,0,0,0
buildings_space_heater_combined_hydrogen,0,0,0,0,0,0,0,0,0,0,0,0,0,0,0,0
buildings_final_demand_for_space_heating_hydrogen,0,0,0,0,0,0,0,0,0,0,0,0,0,0,0,0
buildings_final_demand_hydrogen,0,0,0,0,0,0,0,0,0,0,0,0,0,0,0,0
buildings_space_heater_heatpump_air_water_electricity_aggregator,0,0,0,0,0,0,0,0,0,0,0,0,0,0,0,0
buildings_space_heater_heatpump_air_water_electricity,0,0,0,0,0,0,0,0,0,0,0,0,0,0,0,0
buildings_final_demand_for_space_heating_electricity,3801653511,3801653511,0,0,0,0,0,0,0,0,0,0,0,0,0,0
buildings_final_demand_for_appliances_network_gas,502385.3917,0,502385.3917,0,0,0,0,0,0,0,0,0,0,0,0,0
buildings_space_heater_wood_pellets_aggregator,2786708959,0,0,0,0,0,0,0,2786708959,0,0,0,0,0,0,2786708959
buildings_space_heater_wood_pellets,3398425560,0,0,0,0,3398425560,0,0,0,0,0,0,0,0,0,2786708959
buildings_final_demand_for_space_heating_wood_pellets,3398425560,0,0,0,0,3398425560,0,0,0,0,0,0,0,0,0,0
buildings_space_heater_district_heating_steam_hot_water_aggregator,10331973607,0,0,0,0,0,0,0,10331973607,0,0,0,0,0,0,10331973607
buildings_space_heater_district_heating_steam_hot_water,10331973607,0,0,0,0,0,10331973607,0,0,0,0,0,0,0,0,10331973607
buildings_final_demand_for_space_heating_steam_hot_water,10331973607,0,0,0,0,0,10331973607,0,0,0,0,0,0,0,0,0
buildings_final_demand_steam_hot_water,10331973607,0,0,0,0,0,10331973607,0,0,0,0,0,0,0,0,0
buildings_space_heater_deficit,0,0,0,0,0,0,0,0,0,0,0,0,0,0,0,0
buildings_appliances_crude_oil,3934995432,0,0,0,3934995432,0,0,0,0,0,0,0,0,0,0,0
buildings_final_demand_for_appliances_crude_oil,3934995432,0,0,0,3934995432,0,0,0,0,0,0,0,0,0,0,0
buildings_final_demand_crude_oil,3934995432,0,0,0,12979080,0,0,0,0,0,2139845098,0,0,0,0,0
buildings_final_demand_lpg,1683865104,0,0,0,0,0,0,0,0,0,0,0,0,0,0,0
buildings_final_demand_diesel,2139845098,0,0,0,0,0,0,0,0,0,2139845098,0,0,0,0,0
buildings_final_demand_other_oil,12979080,0,0,0,12979080,0,0,0,0,0,0,0,0,0,0,0
buildings_final_demand_kerosene,4498857.964,0,0,0,0,0,0,0,0,0,0,0,0,0,0,0
buildings_final_demand_other_bio_oil,93807292.7,0,0,0,0,0,0,0,0,0,0,0,0,0,0,0
buildings_final_demand_biodiesel,0,0,0,0,0,0,0,0,0,0,0,0,0,0,0,0
buildings_final_demand_bio_kerosene,0,0,0,0,0,0,0,0,0,0,0,0,0,0,0,0
buildings_heating_savings_from_insulation_useable_heat,0,0,0,0,0,0,0,0,0,0,0,0,0,0,0,0
buildings_cooling_savings_insulation_cooling,0,0,0,0,0,0,0,0,0,0,0,0,0,0,0,0
buildings_space_heater_coal,0,0,0,0,0,0,0,0,0,0,0,0,0,0,0,0
buildings_final_demand_for_space_heating_coal,0,0,0,0,0,0,0,0,0,0,0,0,0,0,0,0
buildings_final_demand_coal,126148284,0,0,126148284,0,0,0,0,0,0,0,0,0,0,0,0
buildings_cooling_airconditioning_electricity,57554799117,14388699779,0,0,0,0,0,0,0,0,0,0,0,0,0,0
buildings_final_demand_for_cooling_electricity,14700000000,14700000000,0,0,0,0,0,0,0,0,0,0,0,0,0,0
buildings_final_demand_electricity,1.22153E+11,1.22153E+11,0,0,0,0,0,0,0,0,0,0,0,0,0,0
buildings_final_demand_wood_pellets,3398425560,0,0,0,0,3398425560,0,0,0,0,0,0,0,0,0,0
buildings_cooling_heatpump_air_water_network_gas,0,0,0,0,0,0,0,0,0,0,0,0,0,0,0,0
buildings_final_demand_for_cooling_network_gas,0,0,0,0,0,0,0,0,0,0,0,0,0,0,0,0
buildings_final_demand_network_gas,1.21297E+11,0,1.21297E+11,0,0,0,0,0,0,0,0,0,0,0,0,0
bunkers_useful_demand_planes,0,0,0,0,0,0,0,0,0,0,0,0,0,0,0,0
bunkers_plane_using_kerosene,0,0,0,0,0,0,0,0,0,0,0,0,0,0,0,0
bunkers_aviation_mixer_kerosene,0,0,0,0,0,0,0,0,0,0,0,0,0,0,0,0
bunkers_final_demand_for_aviation_kerosene,0,0,0,0,0,0,0,0,0,0,0,0,0,0,0,0
bunkers_total_useful_demand_ships,4.91956E+11,0,0,0,0,0,0,0,0,0,0,0,0,0,0,0
bunkers_total_useful_demand_planes,1.6629E+11,0,0,0,0,0,0,0,0,0,0,0,0,0,0,0
bunkers_useful_demand_ships,0,0,0,0,0,0,0,0,0,0,0,0,0,0,0,0
bunkers_ship_using_lng,0,0,0,0,0,0,0,0,0,0,0,0,0,0,0,0
bunkers_final_demand_for_shipping_lng,0,0,0,0,0,0,0,0,0,0,0,0,0,0,0,0
bunkers_final_demand_lng,0,0,0,0,0,0,0,0,0,0,0,0,0,0,0,0
bunkers_final_demand_for_aviation_bio_kerosene,0,0,0,0,0,0,0,0,0,0,0,0,0,0,0,0
bunkers_final_demand_bio_kerosene,0,0,0,0,0,0,0,0,0,0,0,0,0,0,0,0
bunkers_ship_using_heavy_fuel_oil,0,0,0,0,0,0,0,0,0,0,0,0,0,0,0,0
bunkers_final_demand_for_shipping_heavy_fuel_oil,0,0,0,0,0,0,0,0,0,0,0,0,0,0,0,0
bunkers_final_demand_heavy_fuel_oil,0,0,0,0,0,0,0,0,0,0,0,0,0,0,0,0
bunkers_final_demand_kerosene,0,0,0,0,0,0,0,0,0,0,0,0,0,0,0,0
energy_power_ultra_supercritical_cofiring_coal,15047757943,0,0,7523878971,0,7523878971,0,0,0,0,0,0,0,0,0,0
energy_power_nuclear_gen3_uranium_oxide,0,0,0,0,0,0,0,0,0,0,0,0,0,0,0,0
energy_hydrogen_solar_pv_solar_radiation,0,0,0,0,0,0,0,0,0,0,0,0,0,0,0,0
energy_flexibility_pumped_storage_electricity,0,0,0,0,0,0,0,0,0,0,0,0,0,0,0,0
energy_direct_air_capture_co2_electricity,0,0,0,0,0,0,0,0,0,0,0,0,0,0,0,0
energy_power_combined_cycle_network_gas,1.9405E+11,0,1.9405E+11,0,0,0,0,0,0,0,0,0,0,0,0,0
energy_extraction_lignite,0,0,0,0,0,0,0,0,0,0,0,0,0,0,0,0
energy_interconnector_2_exported_electricity,0,0,0,0,0,0,0,0,0,0,0,0,0,0,0,0
energy_interconnector_4_exported_electricity,0,0,0,0,0,0,0,0,0,0,0,0,0,0,0,0
energy_power_combined_cycle_ccs_coal,0,0,0,0,0,0,0,0,0,0,0,0,0,0,0,0
energy_production_synthetic_kerosene,0,0,0,0,0,0,0,0,0,0,0,0,0,0,0,0
energy_power_nuclear_gen2_uranium_oxide,38112917693,0,0,0,0,0,0,0,0,0,0,0,0,0,0,0
energy_flexibility_mv_batteries_electricity,0,0,0,0,0,0,0,0,0,0,0,0,0,0,0,0
energy_interconnector_3_exported_electricity,0,0,0,0,0,0,0,0,0,0,0,0,0,0,0,0
energy_heat_burner_wood_pellets,3234317242,0,0,0,0,3234317242,0,0,0,0,0,0,0,0,0,0
energy_power_sector_own_use_electricity,12563247020,12563247020,0,0,0,0,0,0,0,0,0,0,0,0,0,0
energy_power_ultra_supercritical_coal,93896681880,0,0,93896681880,0,0,0,0,0,0,0,0,0,0,0,0
energy_hydrogen_electrolysis_solar_electricity,0,0,0,0,0,0,0,0,0,0,0,0,0,0,0,0
energy_extraction_crude_oil,47965655516,0,0,0,0,0,0,0,0,0,0,0,0,0,0,0
energy_power_supercritical_coal,41538462787,0,0,41538462787,0,0,0,0,0,0,0,0,0,0,0,0
energy_chp_ultra_supercritical_cofiring_coal,27642928320,0,0,13821464160,0,13821464160,0,0,0,0,0,0,0,0,0,0
energy_power_wind_turbine_coastal,15442828253,0,0,0,0,0,0,0,0,0,0,0,0,0,0,0
energy_power_ultra_supercritical_network_gas,36150656951,0,36150656951,0,0,0,0,0,0,0,0,0,0,0,0,0
energy_production_synthetic_kerosene_hydrogen_non_energetic,0,0,0,0,0,0,0,0,0,0,0,0,0,0,0,0
energy_power_solar_csp_solar_radiation,0,0,0,0,0,0,0,0,0,0,0,0,0,0,0,0
energy_chp_local_engine_network_gas,1.15799E+11,0,1.15799E+11,0,0,0,0,0,0,0,0,0,0,0,0,0
energy_offshore_sequestration_co2_electricity,0,0,0,0,0,0,0,0,0,0,0,0,0,0,0,0
energy_power_ultra_supercritical_lignite,0,0,0,0,0,0,0,0,0,0,0,0,0,0,0,0
energy_power_combined_cycle_coal,0,0,0,0,0,0,0,0,0,0,0,0,0,0,0,0
energy_power_combined_cycle_ccs_network_gas,0,0,0,0,0,0,0,0,0,0,0,0,0,0,0,0
energy_power_wind_turbine_inland,14006481040,0,0,0,0,0,0,0,0,0,0,0,0,0,0,0
energy_heat_burner_waste_mix,0,0,0,0,0,0,0,0,0,0,0,0,0,0,0,0
energy_interconnector_6_exported_electricity,0,0,0,0,0,0,0,0,0,0,0,0,0,0,0,0
energy_power_turbine_hydrogen,0,0,0,0,0,0,0,0,0,0,0,0,0,0,0,0
energy_hydrogen_biomass_gasification,0,0,0,0,0,0,0,0,0,0,0,0,0,0,0,0
energy_chp_ultra_supercritical_lignite,0,0,0,0,0,0,0,0,0,0,0,0,0,0,0,0
energy_power_turbine_network_gas,0,0,0,0,0,0,0,0,0,0,0,0,0,0,0,0
energy_power_engine_diesel,0,0,0,0,0,0,0,0,0,0,0,0,0,0,0,0
energy_hydrogen_steam_methane_reformer,0,0,0,0,0,0,0,0,0,0,0,0,0,0,0,0
energy_power_hydro_river,272526502,0,0,0,0,0,0,0,0,0,0,0,0,0,0,0
energy_production_synthetic_methanol,0,0,0,0,0,0,0,0,0,0,0,0,0,0,0,0
energy_heat_well_geothermal,0,0,0,0,0,0,0,0,0,0,0,0,0,0,0,0
energy_heat_heatpump_water_water_electricity,0,0,0,0,0,0,0,0,0,0,0,0,0,0,0,0
energy_heat_burner_network_gas,11625764729,0,11625764729,0,0,0,0,0,0,0,0,0,0,0,0,0
energy_power_geothermal,0,0,0,0,0,0,0,0,0,0,0,0,0,0,0,0
energy_imported_hydrogen_baseload,0,0,0,0,0,0,0,0,0,0,0,0,0,0,0,0
energy_heat_burner_hydrogen,0,0,0,0,0,0,0,0,0,0,0,0,0,0,0,0
energy_heat_flexibility_p2h_boiler_electricity,0,0,0,0,0,0,0,0,0,0,0,0,0,0,0,0
energy_flexibility_hv_opac_electricity,0,0,0,0,0,0,0,0,0,0,0,0,0,0,0,0
energy_power_ultra_supercritical_ccs_coal,0,0,0,0,0,0,0,0,0,0,0,0,0,0,0,0
energy_power_solar_pv_solar_radiation,12491687224,0,0,0,0,0,0,0,0,0,0,0,0,0,0,0
energy_chp_ultra_supercritical_coal,5392598400,0,0,5392598400,0,0,0,0,0,0,0,0,0,0,0,0
energy_heat_network_storage,0,0,0,0,0,0,0,0,0,0,0,0,0,0,0,0
energy_heat_solar_thermal,0,0,0,0,0,0,0,0,0,0,0,0,0,0,0,0
energy_production_solar_thermal,1207012572,0,0,0,0,0,0,0,0,0,0,0,0,0,0,0
energy_network_gas_storage,,0,0,0,0,0,0,0,0,0,0,0,0,0,0,0
energy_hydrogen_steam_methane_reformer_ccs,0,0,0,0,0,0,0,0,0,0,0,0,0,0,0,0
energy_heat_burner_coal,0,0,0,0,0,0,0,0,0,0,0,0,0,0,0,0
energy_production_synthetic_kerosene_electricity,0,0,0,0,0,0,0,0,0,0,0,0,0,0,0,0
energy_power_ultra_supercritical_crude_oil,0,0,0,0,0,0,0,0,0,0,0,0,0,0,0,0
energy_heat_burner_crude_oil,0,0,0,0,0,0,0,0,0,0,0,0,0,0,0,0
energy_extraction_uranium_oxide,0,0,0,0,0,0,0,0,0,0,0,0,0,0,0,0
energy_distribution_uranium_oxide,38112917693,0,0,0,0,0,0,0,0,0,0,0,0,0,0,0
energy_export_uranium_oxide,0,0,0,0,0,0,0,0,0,0,0,0,0,0,0,0
energy_chp_local_engine_biogas,7067790529,0,0,0,0,0,0,0,0,0,0,0,0,0,0,0
energy_hydrogen_storage,0,0,0,0,0,0,0,0,0,0,0,0,0,0,0,0
energy_production_synthetic_methanol_hydrogen_non_energetic,0,0,0,0,0,0,0,0,0,0,0,0,0,0,0,0
energy_synthetic_products_hydrogen_non_energetic,0,0,0,0,0,0,0,0,0,0,0,0,0,0,0,0
energy_interconnector_5_exported_electricity,0,0,0,0,0,0,0,0,0,0,0,0,0,0,0,0
energy_extraction_natural_gas,1.00248E+12,0,0,0,0,0,0,0,0,0,0,0,0,0,0,0
energy_power_wind_turbine_offshore,13260539647,0,0,0,0,0,0,0,0,0,0,0,0,0,0,0
energy_extraction_coal,0,0,0,0,0,0,0,0,0,0,0,0,0,0,0,0
energy_chp_combined_cycle_network_gas,0,0,0,0,0,0,0,0,0,0,0,0,0,0,0,0
energy_power_hydro_mountain,0,0,0,0,0,0,0,0,0,0,0,0,0,0,0,0
energy_import_uranium_oxide,38112917693,0,0,0,0,0,0,0,0,0,0,0,0,0,0,0
energy_power_combined_cycle_hydrogen,0,0,0,0,0,0,0,0,0,0,0,0,0,0,0,0
energy_production_synthetic_methanol_electricity,0,0,0,0,0,0,0,0,0,0,0,0,0,0,0,0
energy_synthetic_products_electricity,0,0,0,0,0,0,0,0,0,0,0,0,0,0,0,0
energy_chp_local_wood_pellets,8298524399,0,0,0,0,8298524399,0,0,0,0,0,0,0,0,0,0
energy_heat_flexibility_p2h_heatpump_electricity,0,0,0,0,0,0,0,0,0,0,0,0,0,0,0,0
energy_flexibility_curtailment_electricity,0,0,0,0,0,0,0,0,0,0,0,0,0,0,0,0
energy_chp_supercritical_waste_mix,69139525379,0,0,0,0,0,0,0,0,0,0,0,0,0,0,0
energy_distribution_imported_heat,0,0,0,0,0,0,0,0,0,0,0,0,0,0,0,0
energy_heat_import_steam_hot_water,0,0,0,0,0,0,0,0,0,0,0,0,0,0,0,0
energy_import_heat,0,0,0,0,0,0,0,0,0,0,0,0,0,0,0,0
energy_power_ultra_supercritical_oxyfuel_ccs_lignite,0,0,0,0,0,0,0,0,0,0,0,0,0,0,0,0
energy_power_engine_network_gas,160648220.5,0,160648220.5,0,0,0,0,0,0,0,0,0,0,0,0,0
energy_power_supercritical_waste_mix,0,0,0,0,0,0,0,0,0,0,0,0,0,0,0,0
energy_distribution_waste_mix,69139525379,0,0,0,0,0,0,0,0,0,0,0,0,0,0,0
energy_distribution_biogenic_waste,36644020108,0,0,0,0,0,0,0,0,0,0,0,0,0,0,0
energy_production_biogenic_waste,21381660000,0,0,0,0,0,0,0,0,0,0,0,0,0,0,0
energy_distribution_non_biogenic_waste,32495505271,0,0,0,0,0,0,0,0,0,0,0,0,0,0,0
energy_production_non_biogenic_waste,31571898482,0,0,0,0,0,0,0,0,0,0,0,0,0,0,0
energy_import_biogenic_waste,15262360108,0,0,0,0,0,0,0,0,0,0,0,0,0,0,0
energy_import_non_biogenic_waste,923606789.4,0,0,0,0,0,0,0,0,0,0,0,0,0,0,0
energy_export_non_biogenic_waste,0,0,0,0,0,0,0,0,0,0,0,0,0,0,0,0
energy_hydrogen_wind_turbine_offshore,0,0,0,0,0,0,0,0,0,0,0,0,0,0,0,0
energy_hydrogen_electrolysis_wind_electricity,0,0,0,0,0,0,0,0,0,0,0,0,0,0,0,0
energy_hydrogen_curtailed_electricity,0,0,0,0,0,0,0,0,0,0,0,0,0,0,0,0
energy_hydrogen_biomass_gasification_ccs,0,0,0,0,0,0,0,0,0,0,0,0,0,0,0,0
energy_hydrogen_flexibility_p2g_electricity,0,0,0,0,0,0,0,0,0,0,0,0,0,0,0,0
other_useful_demand_crude_oil_non_energetic,1604465496,0,0,0,1604465496,0,0,0,0,0,0,0,0,0,0,0
other_final_demand_crude_oil_non_energetic,1604465496,0,0,0,1604465496,0,0,0,0,0,0,0,0,0,0,0
other_useful_demand_electricity,0,0,0,0,0,0,0,0,0,0,0,0,0,0,0,0
other_electricity_for_electricity,0,0,0,0,0,0,0,0,0,0,0,0,0,0,0,0
other_final_demand_electricity,0,0,0,0,0,0,0,0,0,0,0,0,0,0,0,0
other_useful_demand_useable_heat,998763514,0,0,0,0,0,0,0,998763514,0,0,0,0,0,0,0
other_burner_wood_pellets,0,0,0,0,0,0,0,0,0,0,0,0,0,0,0,0
other_final_demand_for_heat_wood_pellets,0,0,0,0,0,0,0,0,0,0,0,0,0,0,0,0
other_burner_network_gas,1.35E+08,0.00E+00,134814960,0,0,0,0,0,0,0,0,0,0,0,0,121333464
other_final_demand_for_heat_gas,134814960,0,134814960,0,0,0,0,0,0,0,0,0,0,0,0,0
other_final_demand_network_gas,134814960,0,134814960,0,0,0,0,0,0,0,0,0,0,0,0,0
other_burner_crude_oil,1112558364,0,0,0,1112558364,0,0,0,0,0,0,0,0,0,0,877430050
other_final_demand_for_heat_crude_oil,1112558364,0,0,0,1112558364,0,0,0,0,0,0,0,0,0,0,0
other_final_demand_crude_oil,1112558364,0,0,0,1112558364,0,0,0,0,0,0,0,0,0,0,0
other_heater_district_heating_steam_hot_water,0,0,0,0,0,0,0,0,0,0,0,0,0,0,0,0
other_final_demand_for_heat_steam_hot_water,0,0,0,0,0,0,0,0,0,0,0,0,0,0,0,0
other_final_demand_steam_hot_water,0,0,0,0,0,0,0,0,0,0,0,0,0,0,0,0
energy_distribution_steam_hot_water,84385210045,0,0,0,0,0,84385210045,0,0,0,0,0,0,0,0,0
energy_heat_distribution_loss,8106984576,0,0,0,0,0,0,0,0,0,0,0,0,0,0,0
other_final_demand_wood_pellets,0,0,0,0,0,0,0,0,0,0,0,0,0,0,0,0
other_burner_coal,0,0,0,0,0,0,0,0,0,0,0,0,0,0,0,0
other_final_demand_for_heat_coal,0,0,0,0,0,0,0,0,0,0,0,0,0,0,0,0
other_final_demand_coal,0,0,0,0,0,0,0,0,0,0,0,0,0,0,0,0
transport_car_flexibility_p2p_electricity,0,0,0,0,0,0,0,0,0,0,0,0,0,0,0,0
transport_useful_demand_freight_tonne_kms,1.76871E+11,0,0,0,0,0,0,0,0,0,0,0,0,0,0,0
transport_useful_demand_ships,37229025600,0,0,0,0,0,0,0,0,0,0,0,0,0,0,0
transport_ship_using_diesel_mix,11727143064,0,0,0,0,0,0,0,0,0,0,0,0,0,0,0
transport_shipping_mixer_diesel,11727143064,0,0,0,0,0,0,0,0,0,11609577720,117565344,0,0,0,0
transport_final_demand_for_shipping_diesel,11609577720,0,0,0,0,0,0,0,0,0,11609577720,0,0,0,0,0
transport_final_demand_for_shipping_heavy_fuel_oil,0,0,0,0,0,0,0,0,0,0,0,0,0,0,0,0
transport_useful_demand_freight_trains,3264429789,0,0,0,0,0,0,0,0,0,0,0,0,0,0,0
transport_freight_train_using_diesel_mix,103763514.5,0,0,0,0,0,0,0,0,0,0,0,0,0,0,0
transport_freight_train_using_hydrogen,0,0,0,0,0,0,0,0,0,0,0,0,0,0,0,0
transport_useful_demand_passenger_kms,2.3236E+11,0,0,0,0,0,0,0,0,0,0,0,0,0,0,0
transport_useful_demand_motorcycles,6450768998,0,0,0,0,0,0,0,0,0,0,0,0,0,0,0
transport_motorcycle_using_electricity,83784995.51,83784995.51,0,0,0,0,0,0,0,0,0,0,0,0,0,0
transport_motorcycle_using_gasoline_mix,6385982265,0,0,0,0,0,0,0,0,0,0,0,0,0,0,0
transport_useful_demand_planes,183467742.8,0,0,0,0,0,0,0,0,0,0,0,0,0,0,0
transport_useful_demand_passenger_trains,20774567405,0,0,0,0,0,0,0,0,0,0,0,0,0,0,0
transport_passenger_train_using_coal,0,0,0,0,0,0,0,0,0,0,0,0,0,0,0,0
transport_passenger_train_using_diesel_mix,869876825.5,0,0,0,0,0,0,0,0,0,0,0,0,0,0,0
transport_passenger_train_using_electricity,5256475945,5256475945,0,0,0,0,0,0,0,0,0,0,0,0,0,0
transport_useful_demand_cars,1.7291E+11,0,0,0,0,0,0,0,0,0,0,0,0,0,0,0
transport_car_using_compressed_natural_gas,0,0,0,0,0,0,0,0,0,0,0,0,0,0,0,0
transport_car_using_electricity,918246442,918246442,0,0,0,0,0,0,0,0,0,0,0,0,0,0
transport_car_using_lpg,10799477246,0,0,0,0,0,0,0,0,0,0,0,0,0,0,0
transport_final_demand_for_road_lpg,10799477246,0,0,0,0,0,0,0,0,0,0,0,0,0,0,0
transport_final_demand_lpg,10799477246,0,0,0,0,0,0,0,0,0,0,0,0,0,0,0
transport_car_using_gasoline_mix,1.76357E+11,0,0,0,0,0,0,0,0,0,0,0,0,0,0,0
transport_useful_demand_busses,14213268725,0,0,0,0,0,0,0,0,0,0,0,0,0,0,0
transport_bus_using_gasoline_mix,27198753.69,0,0,0,0,0,0,0,0,0,0,0,0,0,0,0
transport_bus_using_electricity,489089598.9,489089598.9,0,0,0,0,0,0,0,0,0,0,0,0,0,0
transport_bus_using_hydrogen,0,0,0,0,0,0,0,0,0,0,0,0,0,0,0,0
transport_bus_using_diesel_mix,7318720989,0,0,0,0,0,0,0,0,0,0,0,0,0,0,0
transport_bus_using_compressed_natural_gas,7914106.453,0,0,0,0,0,0,0,0,0,0,0,0,0,0,0
transport_bus_using_lng_mix,2663096822,0,0,0,0,0,0,0,0,0,0,0,0,0,0,0
transport_ship_using_lng_mix,0,0,0,0,0,0,0,0,0,0,0,0,0,0,0,0
transport_useful_demand_bicycles,17600000000,0,0,0,0,0,0,0,0,0,0,0,0,0,0,0
transport_bicycle_using_electricity,19746101.25,19746101.25,0,0,0,0,0,0,0,0,0,0,0,0,0,0
transport_car_using_diesel_mix,74984395443,0,0,0,0,0,0,0,0,0,0,0,0,0,0,0
transport_passenger_train_using_hydrogen,0,0,0,0,0,0,0,0,0,0,0,0,0,0,0,0
transport_final_demand_heavy_fuel_oil,0,0,0,0,0,0,0,0,0,0,0,0,0,0,0,0
transport_car_using_hydrogen,0,0,0,0,0,0,0,0,0,0,0,0,0,0,0,0
transport_plane_using_bio_ethanol,0,0,0,0,0,0,0,0,0,0,0,0,0,0,0,0
transport_final_demand_for_aviation_bio_ethanol,0,0,0,0,0,0,0,0,0,0,0,0,0,0,0,0
transport_freight_train_using_electricity,417758300.1,417758300.1,0,0,0,0,0,0,0,0,0,0,0,0,0,0
transport_final_demand_for_rail_coal,0,0,0,0,0,0,0,0,0,0,0,0,0,0,0,0
transport_bicycle_using_human_energy,17035825679,0,0,0,0,0,0,0,0,0,0,0,0,0,0,0
transport_useful_demand_crude_oil_non_energetic,2786524740,0,0,0,2786524740,0,0,0,0,0,0,0,0,0,0,0
transport_final_demand_crude_oil_non_energetic,2786524740,0,0,0,2786524740,0,0,0,0,0,0,0,0,0,0,0
transport_rail_mixer_diesel,973640340,0,0,0,0,0,0,0,0,0,904767480,68872860,0,0,0,0
transport_final_demand_for_rail_biodiesel,68872860,0,0,0,0,0,0,0,0,0,0,68872860,0,0,0,0
transport_final_demand_for_rail_diesel,904767480,0,0,0,0,0,0,0,0,0,904767480,0,0,0,0,0
transport_useful_demand_trucks,1.36378E+11,0,0,0,0,0,0,0,0,0,0,0,0,0,0,0
transport_truck_using_hydrogen,0,0,0,0,0,0,0,0,0,0,0,0,0,0,0,0
transport_truck_using_gasoline_mix,447162743.1,0,0,0,0,0,0,0,0,0,0,0,0,0,0,0
transport_truck_using_diesel_mix,2.05443E+11,0,0,0,0,0,0,0,0,0,0,0,0,0,0,0
transport_truck_using_compressed_natural_gas,0,0,0,0,0,0,0,0,0,0,0,0,0,0,0,0
transport_road_mixer_compressed_network_gas,7914106.453,0,0,0,0,0,0,0,0,0,0,0,0,0,0,0
transport_truck_using_electricity,1184008550,1184008550,0,0,0,0,0,0,0,0,0,0,0,0,0,0
transport_truck_using_lng_mix,0,0,0,0,0,0,0,0,0,0,0,0,0,0,0,0
transport_road_mixer_lng,2663096822,0,0,0,0,0,0,0,0,0,0,0,0,0,0,0
transport_final_demand_for_road_bio_lng,0,0,0,0,0,0,0,0,0,0,0,0,0,0,0,0
transport_final_demand_for_road_compressed_network_gas,7914106.453,0,0,0,0,0,0,0,0,0,0,0,0,0,0,0
transport_final_demand_compressed_network_gas,7914106.453,0,0,0,0,0,0,0,0,0,0,0,0,0,0,0
energy_compressor_network_gas,8500651.4,586544.9466,7914106.453,0,0,0,0,0,0,0,0,0,0,0,0,0
transport_final_demand_for_road_hydrogen,0,0,0,0,0,0,0,0,0,0,0,0,0,0,0,0
transport_final_demand_for_road_lng,2663096822,0,0,0,0,0,0,0,0,0,0,0,0,0,0,0
transport_road_mixer_gasoline,1.83217E+11,0,0,0,0,0,0,0,0,0,0,0,1.74896E+11,8320888188,0,0
transport_final_demand_for_road_bio_ethanol,8320888188,0,0,0,0,0,0,0,0,0,0,0,0,8320888188,0,0
transport_final_demand_bio_ethanol,8320888188,0,0,0,0,0,0,0,0,0,0,0,0,8320888188,0,0
energy_distribution_bio_ethanol,8320888188,0,0,0,0,0,0,0,0,0,0,0,0,8320888188,0,0
energy_production_bio_ethanol,21897074179,0,0,0,0,0,0,0,0,0,0,0,0,0,0,0
transport_final_demand_for_road_gasoline,1.74896E+11,0,0,0,0,0,0,0,0,0,0,0,1.74896E+11,0,0,0
transport_plane_using_kerosene,610556223.3,0,0,0,0,0,0,0,0,0,0,0,0,0,0,0
transport_final_demand_for_aviation_kerosene,610556223.3,0,0,0,0,0,0,0,0,0,0,0,0,0,0,0
transport_final_demand_kerosene,610556223.3,0,0,0,0,0,0,0,0,0,0,0,0,0,0,0
transport_final_demand_for_shipping_biodiesel,117565344,0,0,0,0,0,0,0,0,0,0,117565344,0,0,0,0
transport_useful_demand_trams,228443534.3,0,0,0,0,0,0,0,0,0,0,0,0,0,0,0
transport_tram_using_electricity,139807443,139807443,0,0,0,0,0,0,0,0,0,0,0,0,0,0
transport_final_demand_for_rail_electricity,5814041688,5814041688,0,0,0,0,0,0,0,0,0,0,0,0,0,0
transport_road_mixer_diesel,2.87746E+11,0,0,0,0,0,0,0,0,0,2.6785E+11,19896321003,0,0,0,0
transport_final_demand_for_road_biodiesel,19896321003,0,0,0,0,0,0,0,0,0,0,19896321003,0,0,0,0
transport_final_demand_for_road_diesel,2.6785E+11,0,0,0,0,0,0,0,0,0,2.6785E+11,0,0,0,0,0
transport_final_demand_diesel,2.80364E+11,0,0,0,0,0,0,0,0,0,2.80364E+11,0,0,0,0,0
transport_final_demand_biodiesel,20082759207,0,0,0,0,0,0,0,0,0,0,20082759207,0,0,0,0
transport_final_demand_coal,0,0,0,0,0,0,0,0,0,0,0,0,0,0,0,0
transport_shipping_mixer_lng,0,0,0,0,0,0,0,0,0,0,0,0,0,0,0,0
transport_final_demand_for_shipping_lng,0,0,0,0,0,0,0,0,0,0,0,0,0,0,0,0
transport_final_demand_lng,2663096822,0,0,0,0,0,0,0,0,0,0,0,0,0,0,0
transport_final_demand_for_shipping_bio_lng,0,0,0,0,0,0,0,0,0,0,0,0,0,0,0,0
transport_final_demand_bio_lng,0,0,0,0,0,0,0,0,0,0,0,0,0,0,0,0
energy_distribution_bio_lng,0,0,0,0,0,0,0,0,0,0,0,0,0,0,0,0
energy_production_bio_lng,0,0,0,0,0,0,0,0,0,0,0,0,0,0,0,0
transport_final_demand_for_rail_hydrogen,0,0,0,0,0,0,0,0,0,0,0,0,0,0,0,0
transport_final_demand_hydrogen,0,0,0,0,0,0,0,0,0,0,0,0,0,0,0,0
transport_final_demand_for_road_electricity,2694875688,2694875688,0,0,0,0,0,0,0,0,0,0,0,0,0,0
transport_final_demand_electricity,8508917376,8508917376,0,0,0,0,0,0,0,0,0,0,0,0,0,0
transport_plane_using_gasoline,29600676,0,0,0,0,0,0,0,0,0,0,0,29600676,0,0,0
transport_final_demand_for_aviation_gasoline,29600676,0,0,0,0,0,0,0,0,0,0,0,29600676,0,0,0
transport_final_demand_gasoline,1.74926E+11,0,0,0,0,0,0,0,0,0,0,0,1.74926E+11,0,0,0
industry_heat_burner_coal,0,0,0,0,0,0,0,0,0,0,0,0,0,0,0,0
industry_steel_blastfurnace_captured_co2_electricity,0,0,0,0,0,0,0,0,0,0,0,0,0,0,0,0
industry_useful_demand_for_other_non_specified_network_gas_non_energetic,900.0000205,0,900.0000205,0,0,0,0,0,0,0,0,0,0,0,0,0
industry_final_demand_for_other_non_specified_network_gas_non_energetic,900.0000205,0,900.0000205,0,0,0,0,0,0,0,0,0,0,0,0,0
industry_own_use_coal,0,0,0,0,0,0,0,0,0,0,0,0,0,0,0,0
industry_useful_demand_for_chemical_refineries_crude_oil_non_energetic,2.65097E+12,0,0,0,2.65097E+12,0,0,0,0,0,0,0,0,0,0,0
industry_refinery_transformation_crude_oil,2.65097E+12,0,0,0,2.65097E+12,0,0,0,0,0,0,0,0,0,0,0
energy_distribution_gasoline,1.75202E+11,0,0,0,0,0,0,0,0,0,0,0,1.75202E+11,0,0,0
energy_import_gasoline,0,0,0,0,0,0,0,0,0,0,0,0,0,0,0,0
energy_export_gasoline,276161304,0,0,0,0,0,0,0,0,0,0,0,276161304,0,0,0
energy_distribution_heavy_fuel_oil,3.65281E+11,0,0,0,0,0,0,0,0,0,0,0,0,0,0,0
energy_export_heavy_fuel_oil,3.65281E+11,0,0,0,0,0,0,0,0,0,0,0,0,0,0,0
energy_import_heavy_fuel_oil,0,0,0,0,0,0,0,0,0,0,0,0,0,0,0,0
industry_heat_well_geothermal,0,0,0,0,0,0,0,0,0,0,0,0,0,0,0,0
industry_useful_demand_for_other_non_specified_coal,1974620484,0,0,1974620484,0,0,0,0,0,0,0,0,0,0,0,0
industry_useful_demand_for_chemical_fertilizers_electricity,2062970400,2062970400,0,0,0,0,0,0,0,0,0,0,0,0,0,0
industry_other_metals_production,5890836637,0,0,0,0,0,0,0,0,0,0,0,0,0,0,0
industry_useful_demand_for_other_ict_electricity,9864000000,9864000000,0,0,0,0,0,0,0,0,0,0,0,0,0,0
industry_other_ict_potential_residual_heat_from_servers_electricity,7595280000,7595280000,0,0,0,0,0,0,0,0,0,0,0,0,0,0
industry_chemicals_refineries_flexibility_p2h_network_gas_electricity,0,0,0,0,0,0,0,0,0,0,0,0,0,0,0,0
industry_heat_burner_lignite,0,0,0,0,0,0,0,0,0,0,0,0,0,0,0,0
energy_distribution_lignite,0,0,0,0,0,0,0,0,0,0,0,0,0,0,0,0
energy_import_lignite,0,0,0,0,0,0,0,0,0,0,0,0,0,0,0,0
energy_export_lignite,0,0,0,0,0,0,0,0,0,0,0,0,0,0,0,0
industry_useful_demand_for_other_food_electricity,23957958170,23957958170,0,0,0,0,0,0,0,0,0,0,0,0,0,0
industry_useful_demand_for_other_non_specified_wood_pellets,3268628677,0,0,0,0,3268628677,0,0,0,0,0,0,0,0,0,0
industry_other_ict_other_systems_electricity,2268720000,2268720000,0,0,0,0,0,0,0,0,0,0,0,0,0,0
industry_other_paper_captured_co2_electricity,0,0,0,0,0,0,0,0,0,0,0,0,0,0,0,0
industry_other_ict_unused_residual_heat,7595280000,0,0,0,0,0,0,0,0,0,0,0,0,0,0,0
industry_chemicals_fertilizers_haber_bosch_process_hydrogen,80125000000,0,0,0,0,0,0,0,11025200000,69099800000,0,0,0,0,0,80125000000
industry_other_food_captured_co2_electricity,0,0,0,0,0,0,0,0,0,0,0,0,0,0,0,0
industry_useful_demand_for_other_non_specified_electricity,42267839404,42267839404,0,0,0,0,0,0,0,0,0,0,0,0,0,0
industry_chemicals_fertilizers_captured_processes_co2_electricity,937029600,937029600,0,0,0,0,0,0,0,0,0,0,0,0,0,0
industry_chemicals_fertilizers_captured_combustion_co2_electricity,0,0,0,0,0,0,0,0,0,0,0,0,0,0,0,0
industry_final_demand_for_chemical_fertilizers_electricity,3000000000,3000000000,0,0,0,0,0,0,0,0,0,0,0,0,0,0
industry_chemicals_fertilizers_locally_available_hydrogen,69099800000,0,0,0,0,0,0,0,0,69099800000,0,0,0,0,0,0
industry_useful_demand_for_chemical_other_useable_heat,1.87122E+11,0,0,0,0,0,0,0,1.87122E+11,0,0,0,0,0,0,1.87122E+11
industry_chemicals_other_burner_coal,0,0,0,0,0,0,0,0,0,0,0,0,0,0,0,0
industry_chemicals_other_heater_electricity,0,0,0,0,0,0,0,0,0,0,0,0,0,0,0,0
industry_chemicals_other_processes_potential_residual_heat,29939598441,0,0,0,0,0,0,0,29939598441,0,0,0,0,0,0,0
industry_chemicals_other_flue_gasses_potential_residual_heat,20583473928,0,0,0,0,0,0,0,20583473928,0,0,0,0,0,0,0
industry_chemicals_other_total_potential_residual_heat,50523072370,0,0,0,0,0,0,0,0,0,0,0,0,0,0,0
industry_final_demand_for_other_non_specified_coal,1974620484,0,0,1974620484,0,0,0,0,0,0,0,0,0,0,0,0
industry_useful_demand_for_other_non_specified_network_gas,67633344823,0,67633344823,0,0,0,0,0,0,0,0,0,0,0,0,0
industry_steel_hisarna_captured_co2_electricity,0,0,0,0,0,0,0,0,0,0,0,0,0,0,0,0
industry_chp_engine_gas_power_fuelmix,268676252.9,0,0,0,0,0,0,0,0,0,0,0,0,0,0,0
industry_final_demand_for_other_ict_electricity,9864000000,9864000000,0,0,0,0,0,0,0,0,0,0,0,0,0,0
buildings_local_production_electricity,1.32017E+11,1.32017E+11,0,0,0,0,0,0,0,0,0,0,0,0,0,0
buildings_solar_pv_solar_radiation,48178485970,0,0,0,0,0,0,0,0,0,0,0,0,0,0,0
energy_power_lv_network_electricity,1.99027E+11,1.99027E+11,0,0,0,0,0,0,0,0,0,0,0,0,0,0
energy_power_transformer_lv_mv_electricity,1.99027E+11,1.99027E+11,0,0,0,0,0,0,0,0,0,0,0,0,0,0
industry_useful_demand_for_other_food_useable_heat,49436938845,0,0,0,0,0,0,0,49436938845,0,0,0,0,0,0,0
industry_other_food_burner_wood_pellets,0,0,0,0,0,0,0,0,0,0,0,0,0,0,0,0
industry_other_food_burner_coal,1293135048,0,0,1293135048,0,0,0,0,0,0,0,0,0,0,0,1034508038
industry_final_demand_for_other_food_wood_pellets,0,0,0,0,0,0,0,0,0,0,0,0,0,0,0,0
industry_other_ict_reused_residual_heat,0,0,0,0,0,0,0,0,0,0,0,0,0,0,0,0
energy_heat_industry_other_ict_residual_heat,0,0,0,0,0,0,0,0,0,0,0,0,0,0,0,0
industry_steel_production,6657000000,0,0,0,0,0,0,0,0,0,0,0,0,0,0,0
industry_steel_electricfurnace_electricity,0,0,0,0,0,0,0,0,0,0,0,0,0,0,0,0
industry_other_food_flexibility_p2h_hydrogen_electricity,0,0,0,0,0,0,0,0,0,0,0,0,0,0,0,0
industry_useful_demand_for_other_non_specified_useable_heat,2958644088,0,0,0,0,0,0,0,2958644088,0,0,0,0,0,0,0
industry_useful_demand_for_other_paper_electricity,7674697476,7674697476,0,0,0,0,0,0,0,0,0,0,0,0,0,0
industry_useful_demand_for_other_non_specified_wood_pellets_non_energetic,0,0,0,0,0,0,0,0,0,0,0,0,0,0,0,0
industry_chemicals_other_used_heat,1.36599E+11,0,0,0,0,0,0,0,1.36599E+11,0,0,0,0,0,0,0
industry_useful_demand_for_other_non_specified_coal_non_energetic,2444798124,0,0,2444798124,0,0,0,0,0,0,0,0,0,0,0,0
industry_other_food_heater_electricity,0,0,0,0,0,0,0,0,0,0,0,0,0,0,0,0
industry_useful_demand_for_chemical_refineries_coal_non_energetic,0,0,0,0,0,0,0,0,0,0,0,0,0,0,0,0
industry_useful_demand_for_chemical_refineries_useable_heat,1.29946E+11,0,0,0,0,0,0,0,1.29946E+11,0,0,0,0,0,0,1.29946E+11
industry_chemicals_refineries_used_heat,68871269672,0,0,0,0,0,0,0,68871269672,0,0,0,0,0,0,0
industry_final_demand_for_chemical_refineries_steam_hot_water,10312130270,0,0,0,0,0,10312130270,0,0,0,0,0,0,0,0,10312130270
industry_chemicals_refineries_burner_crude_oil,1.00762E+11,0,0,0,1.00762E+11,0,0,0,0,0,0,0,0,0,0,83632138737
industry_chemicals_refineries_network_gas_hybrid_heat,36001522827,0,0,0,0,0,0,0,36001522827,0,0,0,0,0,0,36001522827
industry_chemicals_refineries_burner_network_gas,40001692030,0,40001692030,0,0,0,0,0,0,0,0,0,0,0,0,36001522827
industry_chemicals_refineries_flue_gasses_potential_residual_heat,23390242530,0,0,0,0,0,0,0,23390242530,0,0,0,0,0,0,0
industry_final_demand_for_chemical_refineries_crude_oil,1.00762E+11,0,0,0,1.00762E+11,0,0,0,0,0,0,0,0,0,0,0
industry_useful_demand_for_chemical_refineries_wood_pellets_non_energetic,0,0,0,0,0,0,0,0,0,0,0,0,0,0,0,0
industry_final_demand_for_chemical_refineries_wood_pellets_non_energetic,0,0,0,0,0,0,0,0,0,0,0,0,0,0,0,0
industry_aluminium_production,150000000,0,0,0,0,0,0,0,0,0,0,0,0,0,0,0
industry_aluminium_smeltoven_electricity,429642857.1,233571428.6,0,0,0,0,0,0,196071428.6,0,0,0,0,0,0,0
industry_aluminium_electrolysis_bat_electricity,0,0,0,0,0,0,0,0,0,0,0,0,0,0,0,0
industry_chp_turbine_gas_power_fuelmix,32014609392,0,0,0,0,0,0,0,0,0,0,0,0,0,0,0
industry_aluminium_electrolysis_current_electricity,5916857143,5563928571,0,0,0,0,0,0,352928571.4,0,0,0,0,0,0,0
industry_aluminium_carbothermalreduction_electricity,0,0,0,0,0,0,0,0,0,0,0,0,0,0,0,0
industry_chemicals_refineries_processes_potential_residual_heat,37684279632,0,0,0,0,0,0,0,37684279632,0,0,0,0,0,0,0
industry_chemicals_other_heatpump_water_water_electricity,0,0,0,0,0,0,0,0,0,0,0,0,0,0,0,0
industry_chemicals_fertilizers_flue_gasses_potential_residual_heat,2403750000,0,0,0,0,0,0,0,2403750000,0,0,0,0,0,0,0
industry_other_metals_process_electricity,6044613917,6044613917,0,0,0,0,0,0,0,0,0,0,0,0,0,0
industry_final_demand_for_metal_wood_pellets,0,0,0,0,0,0,0,0,0,0,0,0,0,0,0,0
industry_other_food_burner_crude_oil,0,0,0,0,0,0,0,0,0,0,0,0,0,0,0,0
industry_final_demand_for_other_food_crude_oil,0,0,0,0,0,0,0,0,0,0,0,0,0,0,0,0
industry_other_paper_flexibility_p2h_network_gas_electricity,0,0,0,0,0,0,0,0,0,0,0,0,0,0,0,0
industry_other_food_flexibility_p2h_network_gas_electricity,0,0,0,0,0,0,0,0,0,0,0,0,0,0,0,0
industry_other_food_network_gas_hybrid_heat,47990868367,0,0,0,0,0,0,0,47990868367,0,0,0,0,0,0,47990868367
industry_chemicals_refineries_flexibility_p2h_hydrogen_electricity,0,0,0,0,0,0,0,0,0,0,0,0,0,0,0,0
industry_chemicals_refineries_hydrogen_hybrid_heat,0,0,0,0,0,0,0,0,0,0,0,0,0,0,0,0
industry_chemicals_refineries_burner_hydrogen,0,0,0,0,0,0,0,0,0,0,0,0,0,0,0,0
industry_steel_electricfurnace_burner_network_gas,0,0,0,0,0,0,0,0,0,0,0,0,0,0,0,0
industry_other_food_hydrogen_hybrid_heat,0,0,0,0,0,0,0,0,0,0,0,0,0,0,0,0
industry_steel_hisarna_consumption_useable_heat,0,0,0,0,0,0,0,0,0,0,0,0,0,0,0,0
energy_steel_hisarna_transformation_coal,0,0,0,0,0,0,0,0,0,0,0,0,0,0,0,0
industry_final_demand_for_other_non_specified_wood_pellets,3268628677,0,0,0,0,3268628677,0,0,0,0,0,0,0,0,0,0
industry_chemicals_other_burner_crude_oil,1.07016E+11,0,0,0,1.07016E+11,0,0,0,0,0,0,0,0,0,0,88823087458
industry_locally_available_refinery_gas_for_chemical,1.03595E+11,0,0,0,0,0,0,0,0,0,0,0,0,0,0,0
industry_final_demand_for_other_food_electricity,23957958170,23957958170,0,0,0,0,0,0,0,0,0,0,0,0,0,0
industry_useful_demand_for_chemical_fertilizers_crude_oil_non_energetic,0,0,0,0,0,0,0,0,0,0,0,0,0,0,0,0
industry_chemicals_other_flexibility_p2h_network_gas_electricity,0,0,0,0,0,0,0,0,0,0,0,0,0,0,0,0
industry_chemicals_other_unused_residual_heat,50523072370,0,0,0,0,0,0,0,0,0,0,0,0,0,0,0
industry_chemicals_refineries_burner_wood_pellets,0,0,0,0,0,0,0,0,0,0,0,0,0,0,0,0
industry_final_demand_for_chemical_refineries_wood_pellets,0,0,0,0,0,0,0,0,0,0,0,0,0,0,0,0
industry_final_demand_for_chemical_other_crude_oil,1.07016E+11,0,0,0,1.07016E+11,0,0,0,0,0,0,0,0,0,0,0
industry_final_demand_for_other_food_steam_hot_water,411562440,0,0,0,0,0,411562440,0,0,0,0,0,0,0,0,411562440
industry_useful_demand_for_other_non_specified_hydrogen,0,0,0,0,0,0,0,0,0,0,0,0,0,0,0,0
industry_final_demand_for_other_non_specified_hydrogen,0,0,0,0,0,0,0,0,0,0,0,0,0,0,0,0
industry_final_demand_for_other_food_coal,1293135048,0,0,1293135048,0,0,0,0,0,0,0,0,0,0,0,0
industry_chemicals_refineries_burner_coal,0,0,0,0,0,0,0,0,0,0,0,0,0,0,0,0
industry_chemicals_fertilizers_processes_potential_residual_heat,3205000000,0,0,0,0,0,0,0,3205000000,0,0,0,0,0,0,0
industry_chemicals_fertilizers_total_potential_residual_heat,5608750000,0,0,0,0,0,0,0,0,0,0,0,0,0,0,0
industry_useful_demand_for_chemical_fertilizers_wood_pellets_non_energetic,0,0,0,0,0,0,0,0,0,0,0,0,0,0,0,0
industry_final_demand_for_chemical_fertilizers_wood_pellets_non_energetic,0,0,0,0,0,0,0,0,0,0,0,0,0,0,0,0
industry_useful_demand_for_other_non_specified_crude_oil_non_energetic,16882712612,0,0,0,16882712612,0,0,0,0,0,0,0,0,0,0,0
industry_final_demand_for_other_non_specified_crude_oil_non_energetic,16882712612,0,0,0,16882712612,0,0,0,0,0,0,0,0,0,0,0
industry_final_demand_for_other_crude_oil_non_energetic,16882712612,0,0,0,16882712612,0,0,0,0,0,0,0,0,0,0,0
industry_chp_wood_pellets,0,0,0,0,0,0,0,0,0,0,0,0,0,0,0,0
industry_final_demand_for_chemical_fertilizers_crude_oil_non_energetic,0,0,0,0,0,0,0,0,0,0,0,0,0,0,0,0
industry_final_demand_for_chemical_other_coal,0,0,0,0,0,0,0,0,0,0,0,0,0,0,0,0
industry_final_demand_for_chemical_refineries_coal,0,0,0,0,0,0,0,0,0,0,0,0,0,0,0,0
industry_chemicals_other_flexibility_p2h_hydrogen_electricity,0,0,0,0,0,0,0,0,0,0,0,0,0,0,0,0
industry_chemicals_other_hydrogen_hybrid_heat,0,0,0,0,0,0,0,0,0,0,0,0,0,0,0,0
industry_chemicals_other_burner_hydrogen,0,0,0,0,0,0,0,0,0,0,0,0,0,0,0,0
industry_final_demand_for_chemical_other_hydrogen,0,0,0,0,0,0,0,0,0,0,0,0,0,0,0,0
industry_useful_demand_for_chemical_other_non_energetic,4.14555E+11,0,0,0,0,0,0,0,0,0,0,0,0,0,0,0
industry_useful_demand_for_chemical_other_wood_pellets_non_energetic,0,0,0,0,0,0,0,0,0,0,0,0,0,0,0,0
industry_useful_demand_for_chemical_other_coal_non_energetic,0,0,0,0,0,0,0,0,0,0,0,0,0,0,0,0
industry_final_demand_for_chemical_other_coal_non_energetic,0,0,0,0,0,0,0,0,0,0,0,0,0,0,0,0
industry_other_paper_flexibility_p2h_hydrogen_electricity,0,0,0,0,0,0,0,0,0,0,0,0,0,0,0,0
energy_production_excess_electricity,0,0,0,0,0,0,0,0,0,0,0,0,0,0,0,0
industry_final_demand_for_chemical_refineries_network_gas,40001692030,0,40001692030,0,0,0,0,0,0,0,0,0,0,0,0,0
industry_chemicals_other_network_gas_hybrid_heat,43709863050,0,0,0,0,0,0,0,43709863050,0,0,0,0,0,0,43709863050
industry_chemicals_other_burner_network_gas,48566514500,0,48566514500,0,0,0,0,0,0,0,0,0,0,0,0,43709863050
industry_final_demand_for_chemical_other_network_gas,48566514500,0,48566514500,0,0,0,0,0,0,0,0,0,0,0,0,0
industry_final_demand_for_chemical_other_wood_pellets_non_energetic,0,0,0,0,0,0,0,0,0,0,0,0,0,0,0,0
industry_final_demand_for_chemical_wood_pellets_non_energetic,0,0,0,0,0,0,0,0,0,0,0,0,0,0,0,0
industry_aluminium_burner_network_gas,610000000,0,610000000,0,0,0,0,0,0,0,0,0,0,0,0,549000000
industry_useful_demand_for_chemical_fertilizers_coal_non_energetic,0,0,0,0,0,0,0,0,0,0,0,0,0,0,0,0
industry_final_demand_for_chemical_fertilizers_coal_non_energetic,0,0,0,0,0,0,0,0,0,0,0,0,0,0,0,0
industry_useful_demand_for_other_non_specified_crude_oil,0,0,0,0,0,0,0,0,0,0,0,0,0,0,0,0
industry_final_demand_for_other_non_specified_crude_oil,0,0,0,0,0,0,0,0,0,0,0,0,0,0,0,0
industry_useful_demand_for_other_paper_useable_heat,12725584493,0,0,0,0,0,0,0,12725584493,0,0,0,0,0,0,0
industry_final_demand_for_other_paper_steam_hot_water,1826700840,0,0,0,0,0,1826700840,0,0,0,0,0,0,0,0,1826700840
industry_other_paper_hydrogen_hybrid_heat,0,0,0,0,0,0,0,0,0,0,0,0,0,0,0,0
industry_other_paper_burner_hydrogen,0,0,0,0,0,0,0,0,0,0,0,0,0,0,0,0
industry_other_paper_burner_crude_oil,0,0,0,0,0,0,0,0,0,0,0,0,0,0,0,0
industry_other_paper_heater_electricity,0,0,0,0,0,0,0,0,0,0,0,0,0,0,0,0
industry_final_demand_for_other_paper_electricity,7674697476,7674697476,0,0,0,0,0,0,0,0,0,0,0,0,0,0
industry_other_paper_network_gas_hybrid_heat,10898883653,0,0,0,0,0,0,0,10898883653,0,0,0,0,0,0,10898883653
industry_other_paper_burner_network_gas,12109870726,0,12109870726,0,0,0,0,0,0,0,0,0,0,0,0,10898883653
industry_final_demand_for_other_paper_network_gas,12109870726,0,12109870726,0,0,0,0,0,0,0,0,0,0,0,0,0
industry_other_paper_burner_wood_pellets,0,0,0,0,0,0,0,0,0,0,0,0,0,0,0,0
industry_final_demand_for_other_paper_wood_pellets,0,0,0,0,0,0,0,0,0,0,0,0,0,0,0,0
industry_final_demand_for_other_wood_pellets,3268628677,0,0,0,0,3268628677,0,0,0,0,0,0,0,0,0,0
industry_other_paper_burner_coal,0,0,0,0,0,0,0,0,0,0,0,0,0,0,0,0
industry_other_metals_process_heat_useable_heat,5737059357,0,0,0,0,0,0,0,5737059357,0,0,0,0,0,0,0
industry_other_metals_burner_network_gas,6363485157,0,6324171105,39314052,0,0,0,0,0,0,0,0,0,0,0,5727136641
industry_other_food_burner_hydrogen,0,0,0,0,0,0,0,0,0,0,0,0,0,0,0,0
industry_final_demand_for_other_food_hydrogen,0,0,0,0,0,0,0,0,0,0,0,0,0,0,0,0
industry_steel_electricfurnace_captured_co2_electricity,0,0,0,0,0,0,0,0,0,0,0,0,0,0,0,0
industry_final_demand_for_other_non_specified_steam_hot_water,2958644088,0,0,0,0,0,2958644088,0,0,0,0,0,0,0,0,2958644088
industry_final_demand_for_other_steam_hot_water,5196907368,0,0,0,0,0,5196907368,0,0,0,0,0,0,0,0,0
industry_useful_demand_for_chemical_other_hydrogen_non_energetic,0,0,0,0,0,0,0,0,0,0,0,0,0,0,0,0
industry_final_demand_for_chemical_other_hydrogen_non_energetic,0,0,0,0,0,0,0,0,0,0,0,0,0,0,0,0
industry_chemicals_other_burner_wood_pellets,0,0,0,0,0,0,0,0,0,0,0,0,0,0,0,0
industry_final_demand_for_chemical_other_wood_pellets,0,0,0,0,0,0,0,0,0,0,0,0,0,0,0,0
industry_final_demand_for_chemical_other_steam_hot_water,54589539750,0,0,0,0,0,54589539750,0,0,0,0,0,0,0,0,54589539750
industry_final_demand_for_metal_steam_hot_water,9922716,0,0,0,0,0,9922716,0,0,0,0,0,0,0,0,9922716
industry_useful_demand_for_chemical_other_network_gas_non_energetic,46423728200,0,46423728200,0,0,0,0,0,0,0,0,0,0,0,0,0
industry_final_demand_for_chemical_other_network_gas_non_energetic,46423728200,0,46423728200,0,0,0,0,0,0,0,0,0,0,0,0,0
industry_chemicals_fertilizers_unused_residual_heat,5608750000,0,0,0,0,0,0,0,0,0,0,0,0,0,0,0
industry_chemicals_other_reused_residual_heat,0,0,0,0,0,0,0,0,0,0,0,0,0,0,0,0
energy_heat_industry_chemicals_other_residual_heat,0,0,0,0,0,0,0,0,0,0,0,0,0,0,0,0
industry_chemicals_fertilizers_steam_methane_reformer_hydrogen,89740000000,0,63900000000,0,0,0,0,0,25840000000,0,0,0,0,0,0,11025200000
industry_locally_available_useable_heat,11025200000,0,0,0,0,0,0,0,11025200000,0,0,0,0,0,0,11025200000
industry_useful_demand_for_chemical_fertilizers_useable_heat,25840000000,0,0,0,0,0,0,0,25840000000,0,0,0,0,0,0,25840000000
industry_final_demand_for_chemical_fertilizers_steam_hot_water,5500000000,0,0,0,0,0,5500000000,0,0,0,0,0,0,0,0,5500000000
industry_final_demand_for_chemical_steam_hot_water,70401670020,0,0,0,0,0,70401670020,0,0,0,0,0,0,0,0,0
industry_chemicals_fertilizers_burner_network_gas,22600000000,0,22600000000,0,0,0,0,0,0,0,0,0,0,0,0,20340000000
industry_final_demand_for_chemical_fertilizers_network_gas,22600000000,0,22600000000,0,0,0,0,0,0,0,0,0,0,0,0,0
industry_chemicals_fertilizers_burner_crude_oil,0,0,0,0,0,0,0,0,0,0,0,0,0,0,0,0
industry_final_demand_for_chemical_fertilizers_crude_oil,0,0,0,0,0,0,0,0,0,0,0,0,0,0,0,0
industry_final_demand_for_chemical_crude_oil,2.07777E+11,0,0,0,2.07777E+11,0,0,0,0,0,0,0,0,0,0,0
industry_chemicals_fertilizers_burner_hydrogen,0,0,0,0,0,0,0,0,0,0,0,0,0,0,0,0
industry_final_demand_for_chemical_fertilizers_hydrogen,0,0,0,0,0,0,0,0,0,0,0,0,0,0,0,0
industry_final_demand_steam_hot_water,75608500104,0,0,0,0,0,75608500104,0,0,0,0,0,0,0,0,0
industry_useful_demand_for_chemical_refineries_electricity,10040867500,10040867500,0,0,0,0,0,0,0,0,0,0,0,0,0,0
industry_final_demand_for_chemical_refineries_electricity,10040867500,10040867500,0,0,0,0,0,0,0,0,0,0,0,0,0,0
industry_steel_blastfurnace_bat_consumption_useable_heat,0,0,0,0,0,0,0,0,0,0,0,0,0,0,0,0
energy_steel_blastfurnace_bat_transformation_cokes,0,0,0,0,0,0,0,0,0,0,0,0,0,0,0,0
industry_final_demand_for_chemical_fertilizers_hydrogen_non_energetic,0,0,0,0,0,0,0,0,0,0,0,0,0,0,0,0
industry_final_demand_for_chemical_hydrogen_non_energetic,0,0,0,0,0,0,0,0,0,0,0,0,0,0,0,0
industry_final_demand_hydrogen_non_energetic,0,0,0,0,0,0,0,0,0,0,0,0,0,0,0,0
industry_final_demand_for_other_non_specified_network_gas,67633344823,0,67633344823,0,0,0,0,0,0,0,0,0,0,0,0,0
industry_chp_ultra_supercritical_coal,21053997.42,0,0,21053997.42,0,0,0,0,0,0,0,0,0,0,0,0
energy_distribution_torrefied_biomass_pellets,0,0,0,0,0,0,0,0,0,0,0,0,0,0,0,0
energy_torrefaction_wood,0,0,0,0,0,0,0,0,0,0,0,0,0,0,0,0
industry_final_demand_for_other_non_specified_wood_pellets_non_energetic,0,0,0,0,0,0,0,0,0,0,0,0,0,0,0,0
industry_final_demand_for_metal_crude_oil,0,0,0,0,0,0,0,0,0,0,0,0,0,0,0,0
industry_useful_demand_for_chemical_fertilizers_network_gas_non_energetic,63900000000,0,63900000000,0,0,0,0,0,0,0,0,0,0,0,0,0
industry_final_demand_for_chemical_fertilizers_network_gas_non_energetic,63900000000,0,63900000000,0,0,0,0,0,0,0,0,0,0,0,0,0
industry_useful_demand_for_chemical_refineries_network_gas_non_energetic,0,0,0,0,0,0,0,0,0,0,0,0,0,0,0,0
industry_chemicals_refineries_total_potential_residual_heat,61074522162,0,0,0,0,0,0,0,0,0,0,0,0,0,0,0
industry_chemicals_refineries_unused_residual_heat,61074522162,0,0,0,0,0,0,0,0,0,0,0,0,0,0,0
industry_chemicals_refineries_reused_residual_heat,0,0,0,0,0,0,0,0,0,0,0,0,0,0,0,0
energy_heat_industry_chemicals_refineries_residual_heat,0,0,0,0,0,0,0,0,0,0,0,0,0,0,0,0
industry_chemicals_fertilizers_burner_coal,0,0,0,0,0,0,0,0,0,0,0,0,0,0,0,0
industry_chemicals_other_steam_recompression_electricity,0,0,0,0,0,0,0,0,0,0,0,0,0,0,0,0
industry_final_demand_for_chemical_refineries_coal_non_energetic,0,0,0,0,0,0,0,0,0,0,0,0,0,0,0,0
industry_final_demand_for_chemical_coal_non_energetic,0,0,0,0,0,0,0,0,0,0,0,0,0,0,0,0
industry_final_demand_for_other_non_specified_electricity,42267839404,42267839404,0,0,0,0,0,0,0,0,0,0,0,0,0,0
industry_final_demand_for_other_electricity,73900495050,73900495050,0,0,0,0,0,0,0,0,0,0,0,0,0,0
industry_other_food_burner_network_gas,53323187074,0,53323187074,0,0,0,0,0,0,0,0,0,0,0,0,47990868367
industry_final_demand_for_other_food_network_gas,53323187074,0,53323187074,0,0,0,0,0,0,0,0,0,0,0,0,0
industry_final_demand_for_other_network_gas,1.33066E+11,0,1.33066E+11,0,0,0,0,0,0,0,0,0,0,0,0,0
industry_chp_combined_cycle_gas_power_fuelmix,1.63109E+11,0,0,0,0,0,0,0,0,0,0,0,0,0,0,0
energy_mixer_for_gas_power_fuel,1.95393E+11,0,1.78343E+11,0,17049214027,0,0,0,0,0,0,0,0,0,0,0
industry_final_demand_for_other_network_gas_non_energetic,900.0000205,0,900.0000205,0,0,0,0,0,0,0,0,0,0,0,0,0
industry_chemicals_fertilizers_burner_wood_pellets,0,0,0,0,0,0,0,0,0,0,0,0,0,0,0,0
industry_final_demand_for_chemical_fertilizers_wood_pellets,0,0,0,0,0,0,0,0,0,0,0,0,0,0,0,0
industry_final_demand_for_chemical_wood_pellets,0,0,0,0,0,0,0,0,0,0,0,0,0,0,0,0
industry_final_demand_wood_pellets,3268628677,0,0,0,0,3268628677,0,0,0,0,0,0,0,0,0,0
industry_heat_burner_crude_oil,5786152552,0,0,0,5786152552,0,0,0,0,0,0,0,0,0,0,0
industry_locally_available_steam_hot_water,75608500104,0,0,0,0,0,75608500104,0,0,0,0,0,0,0,0,0
industry_unused_local_production_steam_hot_water,0,0,0,0,0,0,0,0,0,0,0,0,0,0,0,0
industry_heat_backup_burner_network_gas,3855994470,0,3855994470,0,0,0,0,0,0,0,0,0,0,0,0,0
industry_final_demand_for_other_wood_pellets_non_energetic,0,0,0,0,0,0,0,0,0,0,0,0,0,0,0,0
industry_final_demand_wood_pellets_non_energetic,0,0,0,0,0,0,0,0,0,0,0,0,0,0,0,0
energy_distribution_wood_pellets,60885467109,0,0,0,0,60885467109,0,0,0,0,0,0,0,0,0,0
energy_production_wood_pellets,67650519010,0,0,0,0,0,0,0,0,0,0,0,0,0,0,0
industry_final_demand_for_other_non_specified_coal_non_energetic,2444798124,0,0,2444798124,0,0,0,0,0,0,0,0,0,0,0,0
industry_final_demand_for_other_coal_non_energetic,2444798124,0,0,2444798124,0,0,0,0,0,0,0,0,0,0,0,0
industry_final_demand_coal_non_energetic,2444798124,0,0,2444798124,0,0,0,0,0,0,0,0,0,0,0,0
energy_transformation_cokes_non_energetic,153529956,0,0,0,0,0,0,0,0,0,0,0,0,0,153529956,0
industry_chemicals_fertilizers_reused_residual_heat,0,0,0,0,0,0,0,0,0,0,0,0,0,0,0,0
energy_heat_industry_chemicals_fertilizers_residual_heat,0,0,0,0,0,0,0,0,0,0,0,0,0,0,0,0
energy_transmission_steam_hot_water,18694738337,0,0,0,0,0,18694738337,0,0,0,0,0,0,0,0,0
energy_production_aggregator_steam_hot_water,97041228252,0,0,0,0,0,97041228252,0,0,0,0,0,0,0,0,0
energy_heat_unused_steam_hot_water,12656018207,0,0,0,0,0,12656018207,0,0,0,0,0,0,0,0,0
energy_heat_backup_burner_network_gas,0,0,0,0,0,0,0,0,0,0,0,0,0,0,0,0
energy_heat_dumped_steam_hot_water,12656018207,0,0,0,0,0,12656018207,0,0,0,0,0,0,0,0,0
industry_final_demand_for_chemical_fertilizers_coal,0,0,0,0,0,0,0,0,0,0,0,0,0,0,0,0
industry_final_demand_for_chemical_coal,0,0,0,0,0,0,0,0,0,0,0,0,0,0,0,0
industry_useful_demand_for_chemical_other_electricity,42880670990,42880670990,0,0,0,0,0,0,0,0,0,0,0,0,0,0
industry_final_demand_for_chemical_other_electricity,42880670990,42880670990,0,0,0,0,0,0,0,0,0,0,0,0,0,0
industry_final_demand_for_chemical_electricity,55921538490,55921538490,0,0,0,0,0,0,0,0,0,0,0,0,0,0
industry_final_demand_for_other_paper_coal,0,0,0,0,0,0,0,0,0,0,0,0,0,0,0,0
industry_final_demand_for_other_coal,3267755532,0,0,3267755532,0,0,0,0,0,0,0,0,0,0,0,0
industry_final_demand_for_chemical_network_gas,1.11168E+11,0,1.11168E+11,0,0,0,0,0,0,0,0,0,0,0,0,0
industry_final_demand_for_other_paper_crude_oil,0,0,0,0,0,0,0,0,0,0,0,0,0,0,0,0
industry_final_demand_for_other_crude_oil,0,0,0,0,0,0,0,0,0,0,0,0,0,0,0,0
industry_final_demand_crude_oil,2.07777E+11,0,0,0,2.04852E+11,0,0,0,0,0,21185208,111249431.5,0,0,0,0
industry_final_demand_bio_kerosene,0,0,0,0,0,0,0,0,0,0,0,0,0,0,0,0
energy_distribution_bio_kerosene,0,0,0,0,0,0,0,0,0,0,0,0,0,0,0,0
energy_production_bio_kerosene,0,0,0,0,0,0,0,0,0,0,0,0,0,0,0,0
industry_final_demand_other_oil,2.04852E+11,0,0,0,2.04852E+11,0,0,0,0,0,0,0,0,0,0,0
industry_final_demand_other_bio_oil,1151635414,0,0,0,0,0,0,0,0,0,0,0,0,0,0,0
energy_distribution_bio_oil,1245442706,0,0,0,0,0,0,0,0,0,0,0,0,0,0,0
energy_production_bio_oil,1247938583,0,0,0,0,0,0,0,0,0,0,0,0,0,0,0
industry_final_demand_biodiesel,111249431.5,0,0,0,0,0,0,0,0,0,0,111249431.5,0,0,0,0
energy_distribution_biodiesel,20543920538,0,0,0,0,0,0,0,0,0,0,20543920538,0,0,0,0
energy_production_biodiesel,20856772120,0,0,0,0,0,0,0,0,0,0,0,0,0,0,0
energy_distribution_oily_biomass,22104710703,0,0,0,0,0,0,0,0,0,0,0,0,0,0,0
energy_import_oily_biomass,11604710703,0,0,0,0,0,0,0,0,0,0,0,0,0,0,0
energy_production_oily_biomass,10500000000,0,0,0,0,0,0,0,0,0,0,0,0,0,0,0
industry_final_demand_diesel,21185208,0,0,0,0,0,0,0,0,0,21185208,0,0,0,0,0
energy_distribution_diesel,8.87432E+11,0,0,0,0,0,0,0,0,0,8.87432E+11,0,0,0,0,0
energy_export_diesel,6.04536E+11,0,0,0,0,0,0,0,0,0,6.04536E+11,0,0,0,0,0
energy_import_diesel,0,0,0,0,0,0,0,0,0,0,0,0,0,0,0,0
industry_final_demand_kerosene,0,0,0,0,0,0,0,0,0,0,0,0,0,0,0,0
energy_distribution_kerosene,3.94144E+11,0,0,0,0,0,0,0,0,0,0,0,0,0,0,0
energy_export_kerosene,3.93459E+11,0,0,0,0,0,0,0,0,0,0,0,0,0,0,0
energy_import_kerosene,0,0,0,0,0,0,0,0,0,0,0,0,0,0,0,0
industry_final_demand_lpg,1641016260,0,0,0,0,0,0,0,0,0,0,0,0,0,0,0
energy_distribution_lpg,70763995690,0,0,0,0,0,0,0,0,0,0,0,0,0,0,0
energy_import_lpg,0,0,0,0,0,0,0,0,0,0,0,0,0,0,0,0
energy_export_lpg,56329584010,0,0,0,0,0,0,0,0,0,0,0,0,0,0,0
industry_chemicals_fertilizers_used_heat,74516250000,0,0,0,0,0,0,0,74516250000,0,0,0,0,0,0,0
industry_useful_demand_for_chemical_other_crude_oil_non_energetic,3.68131E+11,0,0,0,3.68131E+11,0,0,0,0,0,0,0,0,0,0,0
industry_final_demand_for_chemical_other_crude_oil_non_energetic,3.68131E+11,0,0,0,3.68131E+11,0,0,0,0,0,0,0,0,0,0,0
industry_locally_available_crude_oil_non_energetic_for_chemical,6.55052E+11,0,0,0,6.55052E+11,0,0,0,0,0,0,0,0,0,0,0
energy_export_oil_products,2.86921E+11,0,0,0,2.86921E+11,0,0,0,0,0,0,0,0,0,0,0
industry_final_demand_for_chemical_crude_oil_non_energetic,0,0,0,0,0,0,0,0,0,0,0,0,0,0,0,0
industry_final_demand_for_chemical_refineries_hydrogen,0,0,0,0,0,0,0,0,0,0,0,0,0,0,0,0
industry_final_demand_for_chemical_hydrogen,0,0,0,0,0,0,0,0,0,0,0,0,0,0,0,0
industry_final_demand_for_other_paper_hydrogen,0,0,0,0,0,0,0,0,0,0,0,0,0,0,0,0
industry_final_demand_for_other_hydrogen,0,0,0,0,0,0,0,0,0,0,0,0,0,0,0,0
industry_final_demand_hydrogen,0,0,0,0,0,0,0,0,0,0,0,0,0,0,0,0
energy_distribution_hydrogen_after_transport,0,0,0,0,0,0,0,0,0,0,0,0,0,0,0,0
energy_transport_hydrogen_pipelines,0,0,0,0,0,0,0,0,0,0,0,0,0,0,0,0
energy_transport_hydrogen_compressed_trucks,0,0,0,0,0,0,0,0,0,0,0,0,0,0,0,0
energy_distribution_hydrogen_before_transport,0,0,0,0,0,0,0,0,0,0,0,0,0,0,0,0
energy_imported_hydrogen_backup,0,0,0,0,0,0,0,0,0,0,0,0,0,0,0,0
energy_import_hydrogen,0,0,0,0,0,0,0,0,0,0,0,0,0,0,0,0
energy_export_hydrogen,0,0,0,0,0,0,0,0,0,0,0,0,0,0,0,0
industry_final_demand_crude_oil_non_energetic,16882712612,0,0,0,16882712612,0,0,0,0,0,0,0,0,0,0,0
energy_distribution_crude_oil,2.90106E+12,0,0,0,2.90106E+12,0,0,0,0,0,0,0,0,0,0,0
energy_export_crude_oil,0,0,0,0,0,0,0,0,0,0,0,0,0,0,0,0
energy_import_crude_oil,2.85309E+12,0,0,0,0,0,0,0,0,0,0,0,0,0,0,0
energy_distribution_crude_oil_loss,0,0,0,0,0,0,0,0,0,0,0,0,0,0,0,0
industry_final_demand_for_chemical_refineries_network_gas_non_energetic,0,0,0,0,0,0,0,0,0,0,0,0,0,0,0,0
industry_final_demand_for_chemical_network_gas_non_energetic,1.10324E+11,0,1.10324E+11,0,0,0,0,0,0,0,0,0,0,0,0,0
industry_final_demand_network_gas_non_energetic,1.10324E+11,0,1.10324E+11,0,0,0,0,0,0,0,0,0,0,0,0,0
industry_steel_blastfurnace_current_consumption_useable_heat,30590758989,6736601743,0,0,0,0,0,0,23854157246,0,0,0,0,0,0,0
energy_steel_blastfurnace_current_transformation_cokes,96527050820,0,0,42680113600,0,0,0,0,0,0,0,0,0,0,53846937220,0
industry_steel_blastfurnace_burner_coal_gas,26504619162,0,7228869830,0,0,0,0,19275749332,0,0,0,0,0,0,0,23854157246
industry_final_demand_for_metal_coal_gas,19275749332,0,0,0,0,0,0,19275749332,0,0,0,0,0,0,0,0
industry_final_demand_coal_gas,19275749332,0,0,0,0,0,0,19275749332,0,0,0,0,0,0,0,0
industry_final_demand_for_metal_coal,39314052,0,0,39314052,0,0,0,0,0,0,0,0,0,0,0,0
industry_final_demand_coal,3307069584,0,0,3307069584,0,0,0,0,0,0,0,0,0,0,0,0
energy_transformation_cokes,1110255624,0,0,0,0,0,0,0,0,0,0,0,0,0,1110255624,0
energy_distribution_cokes,56653098050,0,0,0,0,0,0,0,0,0,0,0,0,0,56653098050,0
energy_cokesoven_transformation_coal,76336124080,0,0,76336124080,0,0,0,0,0,0,0,0,0,0,0,0
energy_cokesoven_consumption_coal_gas,8108408088,324435132,0,0,0,0,0,7783972956,0,0,0,0,0,0,0,0
energy_distribution_coal_gas,49952878270,0,0,0,0,0,0,49952878270,0,0,0,0,0,0,0,0
energy_import_coal_gas,0,0,0,0,0,0,0,0,0,0,0,0,0,0,0,0
energy_import_cokes,0,0,0,0,0,0,0,0,0,0,0,0,0,0,0,0
energy_export_coal_gas,22893155982,0,0,0,0,0,0,22893155982,0,0,0,0,0,0,0,0
energy_export_cokes,1542375250,0,0,0,0,0,0,0,0,0,0,0,0,0,1542375250,0
industry_final_demand_for_metal_electricity,18578715660,18578715660,0,0,0,0,0,0,0,0,0,0,0,0,0,0
industry_final_demand_electricity,1.48401E+11,1.48401E+11,0,0,0,0,0,0,0,0,0,0,0,0,0,0
industry_locally_available_electricity,1.48725E+11,1.48725E+11,0,0,0,0,0,0,0,0,0,0,0,0,0,0
energy_power_mv_distribution_network_electricity,3.20914E+11,3.20914E+11,0,0,0,0,0,0,0,0,0,0,0,0,0,0
energy_power_mv_transport_network_electricity,2.70037E+11,2.70037E+11,0,0,0,0,0,0,0,0,0,0,0,0,0,0
energy_power_transformer_mv_hv_electricity,2.70037E+11,2.70037E+11,0,0,0,0,0,0,0,0,0,0,0,0,0,0
energy_power_hv_network_electricity,3.00811E+11,3.00811E+11,0,0,0,0,0,0,0,0,0,0,0,0,0,0
energy_interconnector_6_imported_electricity,0,0,0,0,0,0,0,0,0,0,0,0,0,0,0,0
energy_power_hv_network_shortage,0,0,0,0,0,0,0,0,0,0,0,0,0,0,0,0
energy_interconnector_4_imported_electricity,0,0,0,0,0,0,0,0,0,0,0,0,0,0,0,0
energy_power_hv_network_loss,18210989020,0,0,0,0,0,0,0,0,0,0,0,0,0,0,0
energy_interconnector_1_exported_electricity,0,0,0,0,0,0,0,0,0,0,0,0,0,0,0,0
energy_export_electricity,0,0,0,0,0,0,0,0,0,0,0,0,0,0,0,0
energy_interconnector_1_imported_electricity,19968298884,0,0,0,0,0,0,0,0,0,0,0,0,0,0,0
energy_interconnector_5_imported_electricity,0,0,0,0,0,0,0,0,0,0,0,0,0,0,0,0
energy_interconnector_2_imported_electricity,0,0,0,0,0,0,0,0,0,0,0,0,0,0,0,0
energy_interconnector_3_imported_electricity,0,0,0,0,0,0,0,0,0,0,0,0,0,0,0,0
energy_import_electricity,19968298884,0,0,0,0,0,0,0,0,0,0,0,0,0,0,0
industry_transformation_generic_coal,2196813960,0,0,2196813960,0,0,0,0,0,0,0,0,0,0,0,0
energy_distribution_coal,2.85872E+11,0,0,2.85872E+11,0,0,0,0,0,0,0,0,0,0,0,0
energy_export_coal,0,0,0,0,0,0,0,0,0,0,0,0,0,0,0,0
energy_import_coal,2.85872E+11,0,0,0,0,0,0,0,0,0,0,0,0,0,0,0
industry_final_demand_for_metal_network_gas,14163040935,0,14163040935,0,0,0,0,0,0,0,0,0,0,0,0,0
industry_final_demand_network_gas,2.58398E+11,0,2.58398E+11,0,0,0,0,0,0,0,0,0,0,0,0,0
energy_national_gas_network_natural_gas,1.33569E+12,0,0,0,0,0,0,0,0,0,0,0,0,0,0,0
energy_distribution_greengas,6170340843,0,0,0,0,0,0,0,0,0,0,0,0,0,0,0
energy_regasification_lng,19812576518,0,0,0,0,0,0,0,0,0,0,0,0,0,0,0
energy_export_greengas,0,0,0,0,0,0,0,0,0,0,0,0,0,0,0,0
energy_greengas_upgrade_biogas,6201347581,0,0,0,0,0,0,0,0,0,0,0,0,0,0,0
energy_treatment_natural_gas,1.32859E+12,0,0,0,0,0,0,0,0,0,0,0,0,0,0,0
energy_import_natural_gas,3.26108E+11,0,0,0,0,0,0,0,0,0,0,0,0,0,0,0
energy_distribution_network_gas_loss,0,0,0,0,0,0,0,0,0,0,0,0,0,0,0,0
energy_greengas_gasification_dry_biomass,0,0,0,0,0,0,0,0,0,0,0,0,0,0,0,0
energy_distribution_dry_biomass,67650519010,0,0,0,0,0,0,0,0,0,0,0,0,0,0,0
energy_import_dry_biomass,5490289010,0,0,0,0,0,0,0,0,0,0,0,0,0,0,0
energy_production_dry_biomass,62160230000,0,0,0,0,0,0,0,0,0,0,0,0,0,0,0
energy_distribution_biogas,13269138109,0,0,0,0,0,0,0,0,0,0,0,0,0,0,0
energy_distribution_lng,22475673339,0,0,0,0,0,0,0,0,0,0,0,0,0,0,0
energy_import_lng,22475673339,0,0,0,0,0,0,0,0,0,0,0,0,0,0,0
energy_greengas_gasification_wet_biomass,0,0,0,0,0,0,0,0,0,0,0,0,0,0,0,0
energy_biogas_fermentation_wet_biomass,24572477980,0,0,0,0,0,0,0,0,0,0,0,0,0,0,0
energy_distribution_wet_biomass,46469552159,0,0,0,0,0,0,0,0,0,0,0,0,0,0,0
energy_import_wet_biomass,0,0,0,0,0,0,0,0,0,0,0,0,0,0,0,0
energy_production_wet_biomass,46469552159,0,0,0,0,0,0,0,0,0,0,0,0,0,0,0
energy_export_network_gas,0,0,0,0,0,0,0,0,0,0,0,0,0,0,0,0
environment_sun_solar_thermal,1207012572,0,0,0,0,0,0,0,0,0,0,0,0,0,0,0
environment_air_wind,42709848940,0,0,0,0,0,0,0,0,0,0,0,0,0,0,0
environment_water_water,272526502,0,0,0,0,0,0,0,0,0,0,0,0,0,0,0
environment_air_ambient_cold,46042269697,0,0,0,0,0,0,0,0,0,0,0,0,0,0,0
environment_earth_ambient_heat,12390327479,0,0,0,0,0,0,0,0,0,0,0,0,0,0,0
environment_earth_ambient_cold,975487924.9,0,0,0,0,0,0,0,0,0,0,0,0,0,0,0
environment_sun_solar_radiation,1.12986E+11,0,0,0,0,0,0,0,0,0,0,0,0,0,0,0
environment_water_ambient_cold,5629994202,0,0,0,0,0,0,0,0,0,0,0,0,0,0,0
environment_air_ambient_heat,5995924811,0,0,0,0,0,0,0,0,0,0,0,0,0,0,0
environment_earth_geothermal,5563922256,0,0,0,0,0,0,0,0,0,0,0,0,0,0,0